indice,tipo_patron,numero_encontrados,distancia_promedio,distancia_promedio_findCommon,num_aceptados_findCommon_patron,tama√±o_medio,porcentaje_aceptacion_tendency
0,double_top,0,0.0,6.94,10,0.0,0.0
0,double_bottom,0,0.0,4.96,10,0.0,0.0
0,head_and_shoulders,0,0.0,26.63,10,0.0,0.0
0,inv_head_and_shoulders,0,0.0,11.13,10,0.0,0.0
0,ascending_triangle,0,0.0,17.48,9,0.0,0.0
0,descending_triangle,0,0.0,13.64,10,0.0,0.0
1,double_top,0,0.0,7.39,20,0.0,0.0
1,double_bottom,0,0.0,4.97,20,0.0,0.0
1,head_and_shoulders,0,0.0,27.47,20,0.0,0.0
1,inv_head_and_shoulders,0,0.0,11.27,20,0.0,0.0
1,ascending_triangle,0,0.0,21.38,18,0.0,0.0
1,descending_triangle,0,0.0,12.8,20,0.0,0.0
2,double_top,0,0.0,5.79,10,0.0,0.0
2,double_bottom,0,0.0,4.55,10,0.0,0.0
2,head_and_shoulders,0,0.0,17.78,10,0.0,0.0
2,inv_head_and_shoulders,0,0.0,8.75,10,0.0,0.0
2,ascending_triangle,1,13.53,16.79,10,11.0,100.0
2,descending_triangle,0,0.0,10.9,10,0.0,0.0
3,double_top,0,0.0,6.78,40,0.0,0.0
3,double_bottom,0,0.0,4.79,40,0.0,0.0
3,head_and_shoulders,0,0.0,24.32,40,0.0,0.0
3,inv_head_and_shoulders,0,0.0,10.52,40,0.0,0.0
3,ascending_triangle,0,0.0,20.92,36,0.0,0.0
3,descending_triangle,0,0.0,12.43,40,0.0,0.0
4,double_top,0,0.0,5.92,20,0.0,0.0
4,double_bottom,0,0.0,4.48,20,0.0,0.0
4,head_and_shoulders,0,0.0,17.24,20,0.0,0.0
4,inv_head_and_shoulders,0,0.0,9.01,20,0.0,0.0
4,ascending_triangle,2,12.88,18.07,20,16.0,100.0
4,descending_triangle,0,0.0,10.12,20,0.0,0.0
5,double_top,0,0.0,5.96,20,0.0,0.0
5,double_bottom,0,0.0,4.48,21,0.0,0.0
5,head_and_shoulders,0,0.0,17.24,20,0.0,0.0
5,inv_head_and_shoulders,0,0.0,9.01,20,0.0,0.0
5,ascending_triangle,2,12.88,19.66,20,16.0,100.0
5,descending_triangle,0,0.0,10.12,21,0.0,0.0
6,double_top,0,0.0,6.67,10,0.0,0.0
6,double_bottom,0,0.0,4.64,10,0.0,0.0
6,head_and_shoulders,0,0.0,15.71,10,0.0,0.0
6,inv_head_and_shoulders,0,0.0,8.48,10,0.0,0.0
6,ascending_triangle,0,0.0,18.06,10,0.0,0.0
6,descending_triangle,1,5.85,7.75,10,22.0,100.0
7,double_top,0,0.0,6.67,10,0.0,0.0
7,double_bottom,0,0.0,4.64,10,0.0,0.0
7,head_and_shoulders,0,0.0,15.71,10,0.0,0.0
7,inv_head_and_shoulders,0,0.0,8.48,10,0.0,0.0
7,ascending_triangle,1,12.43,18.06,10,12.0,50.0
7,descending_triangle,1,5.85,7.75,10,22.0,50.0
8,double_top,0,0.0,6.6,80,0.0,0.0
8,double_bottom,0,0.0,4.91,80,0.0,0.0
8,head_and_shoulders,0,0.0,24.58,80,0.0,0.0
8,inv_head_and_shoulders,0,0.0,10.27,80,0.0,0.0
8,ascending_triangle,0,0.0,20.53,75,0.0,0.0
8,descending_triangle,0,0.0,13.22,80,0.0,0.0
9,double_top,0,0.0,5.63,40,0.0,0.0
9,double_bottom,0,0.0,4.76,40,0.0,0.0
9,head_and_shoulders,0,0.0,17.41,40,0.0,0.0
9,inv_head_and_shoulders,0,0.0,9.04,40,0.0,0.0
9,ascending_triangle,3,13.59,16.29,40,20.0,100.0
9,descending_triangle,0,0.0,11.27,40,0.0,0.0
10,double_top,0,0.0,5.77,44,0.0,0.0
10,double_bottom,0,0.0,4.78,42,0.0,0.0
10,head_and_shoulders,0,0.0,17.46,41,0.0,0.0
10,inv_head_and_shoulders,0,0.0,9.1,41,0.0,0.0
10,ascending_triangle,3,13.59,16.96,41,20.0,100.0
10,descending_triangle,0,0.0,11.3,44,0.0,0.0
11,double_top,0,0.0,5.83,20,0.0,0.0
11,double_bottom,0,0.0,5.38,20,0.0,0.0
11,head_and_shoulders,0,0.0,15.95,20,0.0,0.0
11,inv_head_and_shoulders,0,0.0,8.53,20,0.0,0.0
11,ascending_triangle,1,13.87,14.81,20,21.0,33.3
11,descending_triangle,2,5.68,10.88,20,30.5,66.7
12,double_top,0,0.0,5.94,20,0.0,0.0
12,double_bottom,0,0.0,5.44,21,0.0,0.0
12,head_and_shoulders,0,0.0,16.31,20,0.0,0.0
12,inv_head_and_shoulders,0,0.0,8.71,21,0.0,0.0
12,ascending_triangle,2,13.15,15.48,20,20.5,66.7
12,descending_triangle,1,5.85,10.81,21,40.0,33.3
13,double_top,0,0.0,6.76,10,0.0,0.0
13,double_bottom,2,6.07,6.66,10,42.0,66.7
13,head_and_shoulders,0,0.0,16.71,10,0.0,0.0
13,inv_head_and_shoulders,0,0.0,8.09,10,0.0,0.0
13,ascending_triangle,1,10.75,13.02,10,41.0,33.3
13,descending_triangle,0,0.0,13.41,10,0.0,0.0
14,double_top,0,0.0,6.76,10,0.0,0.0
14,double_bottom,0,0.0,6.66,10,0.0,0.0
14,head_and_shoulders,0,0.0,16.71,10,0.0,0.0
14,inv_head_and_shoulders,0,0.0,8.09,10,0.0,0.0
14,ascending_triangle,1,10.75,13.02,10,41.0,33.3
14,descending_triangle,2,8.95,13.41,10,30.5,66.7
15,double_top,0,0.0,6.59,210,0.0,0.0
15,double_bottom,0,0.0,4.79,210,0.0,0.0
15,head_and_shoulders,0,0.0,23.33,205,0.0,0.0
15,inv_head_and_shoulders,0,0.0,10.24,210,0.0,0.0
15,ascending_triangle,0,0.0,21.1,200,0.0,0.0
15,descending_triangle,0,0.0,12.85,210,0.0,0.0
16,double_top,0,0.0,6.45,100,0.0,0.0
16,double_bottom,0,0.0,4.81,100,0.0,0.0
16,head_and_shoulders,0,0.0,20.08,100,0.0,0.0
16,inv_head_and_shoulders,0,0.0,9.45,100,0.0,0.0
16,ascending_triangle,0,0.0,19.13,100,0.0,0.0
16,descending_triangle,0,0.0,11.39,100,0.0,0.0
17,double_top,0,0.0,6.44,112,0.0,0.0
17,double_bottom,0,0.0,4.9,122,0.0,0.0
17,head_and_shoulders,0,0.0,20.2,108,0.0,0.0
17,inv_head_and_shoulders,0,0.0,9.71,120,0.0,0.0
17,ascending_triangle,0,0.0,19.05,107,0.0,0.0
17,descending_triangle,0,0.0,12.47,118,0.0,0.0
18,double_top,1,4.26,6.67,50,18.0,14.3
18,double_bottom,3,4.22,5.37,50,28.67,42.9
18,head_and_shoulders,1,11.75,17.99,50,36.0,14.3
18,inv_head_and_shoulders,0,0.0,9.09,50,0.0,0.0
18,ascending_triangle,1,13.31,16.9,50,26.0,14.3
18,descending_triangle,1,6.59,11.28,50,40.0,14.3
19,double_top,1,4.26,7.48,56,18.0,20.0
19,double_bottom,1,3.69,5.43,58,22.0,20.0
19,head_and_shoulders,0,0.0,18.07,55,0.0,0.0
19,inv_head_and_shoulders,1,6.14,10.17,57,32.0,20.0
19,ascending_triangle,1,12.81,19.17,51,40.0,20.0
19,descending_triangle,1,6.59,12.23,59,40.0,20.0
20,double_top,5,7.08,7.62,20,44.8,62.5
20,double_bottom,1,5.92,6.95,20,48.0,12.5
20,head_and_shoulders,1,24.12,14.89,20,56.0,12.5
20,inv_head_and_shoulders,0,0.0,9.62,20,0.0,0.0
20,ascending_triangle,1,10.78,14.19,20,66.0,12.5
20,descending_triangle,0,0.0,13.68,20,0.0,0.0
21,double_top,1,9.26,8.66,29,18.0,14.3
21,double_bottom,3,10.11,6.95,25,28.67,42.9
21,head_and_shoulders,1,24.12,15.67,24,36.0,14.3
21,inv_head_and_shoulders,1,7.69,10.27,24,42.0,14.3
21,ascending_triangle,0,0.0,18.65,25,0.0,0.0
21,descending_triangle,1,6.63,13.51,23,40.0,14.3
22,double_top,0,0.0,8.32,31,0.0,0.0
22,double_bottom,0,0.0,7.15,27,0.0,0.0
22,head_and_shoulders,1,24.12,14.66,23,36.0,50.0
22,inv_head_and_shoulders,0,0.0,9.83,25,0.0,0.0
22,ascending_triangle,0,0.0,18.86,25,0.0,0.0
22,descending_triangle,1,12.82,13.13,23,40.0,50.0
23,double_top,4,9.41,9.56,10,44.5,66.7
23,double_bottom,1,10.9,10.4,10,48.0,16.7
23,head_and_shoulders,0,0.0,19.17,10,0.0,0.0
23,inv_head_and_shoulders,0,0.0,11.69,10,0.0,0.0
23,ascending_triangle,1,11.14,22.67,10,66.0,16.7
23,descending_triangle,0,0.0,14.44,10,0.0,0.0
24,double_top,3,10.12,9.56,10,38.0,37.5
24,double_bottom,3,13.24,10.4,10,41.0,37.5
24,head_and_shoulders,0,0.0,19.17,10,0.0,0.0
24,inv_head_and_shoulders,1,14.21,11.69,10,36.0,12.5
24,ascending_triangle,1,11.14,22.67,10,66.0,12.5
24,descending_triangle,0,0.0,14.44,10,0.0,0.0
25,double_top,3,12.07,12.33,10,50.33,37.5
25,double_bottom,2,14.72,11.79,10,48.0,25.0
25,head_and_shoulders,1,23.63,19.62,10,61.0,12.5
25,inv_head_and_shoulders,0,0.0,14.42,10,0.0,0.0
25,ascending_triangle,2,15.7,27.48,10,90.0,25.0
25,descending_triangle,0,0.0,12.41,9,0.0,0.0
26,double_top,1,15.48,12.33,10,46.0,14.3
26,double_bottom,2,16.13,11.79,10,35.0,28.6
26,head_and_shoulders,1,23.63,19.62,10,61.0,14.3
26,inv_head_and_shoulders,1,16.44,14.42,10,32.0,14.3
26,ascending_triangle,2,15.7,27.48,10,90.0,28.6
26,descending_triangle,0,0.0,12.41,9,0.0,0.0
27,double_top,2,13.83,13.18,10,44.5,33.3
27,double_bottom,0,0.0,12.07,10,0.0,0.0
27,head_and_shoulders,0,0.0,20.5,10,0.0,0.0
27,inv_head_and_shoulders,0,0.0,14.92,10,0.0,0.0
27,ascending_triangle,2,16.45,9.38,9,66.0,33.3
27,descending_triangle,2,17.24,13.85,9,40.0,33.3
28,double_top,0,0.0,6.27,140,0.0,0.0
28,double_bottom,0,0.0,4.95,140,0.0,0.0
28,head_and_shoulders,0,0.0,19.59,140,0.0,0.0
28,inv_head_and_shoulders,0,0.0,9.61,140,0.0,0.0
28,ascending_triangle,3,13.15,18.21,140,20.0,75.0
28,descending_triangle,1,7.91,11.75,140,20.0,25.0
29,double_top,0,0.0,6.24,160,0.0,0.0
29,double_bottom,0,0.0,5.02,166,0.0,0.0
29,head_and_shoulders,0,0.0,19.74,153,0.0,0.0
29,inv_head_and_shoulders,0,0.0,9.75,165,0.0,0.0
29,ascending_triangle,2,13.46,18.17,153,20.0,66.7
29,descending_triangle,1,7.91,12.74,163,20.0,33.3
30,double_top,2,4.29,6.36,70,23.5,22.2
30,double_bottom,3,4.22,5.76,70,28.67,33.3
30,head_and_shoulders,1,11.75,17.36,70,36.0,11.1
30,inv_head_and_shoulders,0,0.0,9.64,70,0.0,0.0
30,ascending_triangle,1,13.31,15.81,70,40.0,11.1
30,descending_triangle,2,6.39,12.7,70,40.0,22.2
31,double_top,2,4.51,6.94,77,23.0,22.2
31,double_bottom,2,3.83,5.85,82,29.0,22.2
31,head_and_shoulders,0,0.0,17.45,75,0.0,0.0
31,inv_head_and_shoulders,2,6.45,9.74,78,34.0,22.2
31,ascending_triangle,2,13.62,17.59,71,30.0,22.2
31,descending_triangle,1,6.59,13.54,82,40.0,11.1
32,double_top,5,7.08,7.19,30,44.8,41.7
32,double_bottom,2,5.94,6.92,30,35.0,16.7
32,head_and_shoulders,2,20.25,15.19,30,56.5,16.7
32,inv_head_and_shoulders,0,0.0,9.16,30,0.0,0.0
32,ascending_triangle,3,11.3,13.14,30,72.67,25.0
32,descending_triangle,0,0.0,14.83,30,0.0,0.0
33,double_top,2,7.98,8.26,40,23.5,20.0
33,double_bottom,3,10.11,7.54,37,28.67,30.0
33,head_and_shoulders,2,20.25,16.06,35,46.5,20.0
33,inv_head_and_shoulders,1,7.69,10.98,36,42.0,10.0
33,ascending_triangle,0,0.0,17.04,36,0.0,0.0
33,descending_triangle,2,15.07,15.47,36,40.0,20.0
34,double_top,1,7.07,8.15,44,31.0,16.7
34,double_bottom,1,7.15,7.43,40,29.0,16.7
34,head_and_shoulders,2,20.25,15.59,39,46.5,33.3
34,inv_head_and_shoulders,1,11.1,10.78,39,34.0,16.7
34,ascending_triangle,0,0.0,18.63,37,0.0,0.0
34,descending_triangle,1,12.82,15.41,39,40.0,16.7
35,double_top,4,9.41,9.65,15,44.5,57.1
35,double_bottom,1,10.9,10.4,13,48.0,14.3
35,head_and_shoulders,1,21.6,19.1,14,57.0,14.3
35,inv_head_and_shoulders,0,0.0,11.69,10,0.0,0.0
35,ascending_triangle,1,11.14,22.27,13,80.0,14.3
35,descending_triangle,0,0.0,17.48,15,0.0,0.0
36,double_top,3,10.12,10.36,14,38.0,30.0
36,double_bottom,4,13.81,10.95,17,41.25,40.0
36,head_and_shoulders,0,0.0,19.1,14,0.0,0.0
36,inv_head_and_shoulders,2,16.61,11.69,14,39.0,20.0
36,ascending_triangle,1,11.14,22.18,12,80.0,10.0
36,descending_triangle,0,0.0,17.23,19,0.0,0.0
37,double_top,4,11.79,11.46,15,50.75,44.4
37,double_bottom,2,14.72,12.38,14,48.0,22.2
37,head_and_shoulders,1,23.63,19.44,14,61.0,11.1
37,inv_head_and_shoulders,0,0.0,14.85,12,0.0,0.0
37,ascending_triangle,2,15.7,27.08,15,90.0,22.2
37,descending_triangle,0,0.0,18.25,15,0.0,0.0
38,double_top,1,15.48,11.87,15,46.0,11.1
38,double_bottom,2,16.13,11.79,10,35.0,22.2
38,head_and_shoulders,1,23.63,19.44,14,61.0,11.1
38,inv_head_and_shoulders,1,16.44,14.5,11,32.0,11.1
38,ascending_triangle,4,15.24,21.65,15,78.5,44.4
38,descending_triangle,0,0.0,17.62,12,0.0,0.0
39,double_top,3,13.05,12.52,14,40.0,33.3
39,double_bottom,0,0.0,12.08,12,0.0,0.0
39,head_and_shoulders,1,23.75,19.51,13,54.0,11.1
39,inv_head_and_shoulders,0,0.0,14.83,12,0.0,0.0
39,ascending_triangle,3,17.83,19.14,12,68.67,33.3
39,descending_triangle,2,17.24,17.04,11,66.0,22.2
40,double_top,3,12.9,13.84,10,46.67,42.9
40,double_bottom,1,17.51,13.87,10,48.0,14.3
40,head_and_shoulders,0,0.0,23.25,10,0.0,0.0
40,inv_head_and_shoulders,0,0.0,14.75,10,0.0,0.0
40,ascending_triangle,2,24.12,26.79,10,74.5,28.6
40,descending_triangle,1,11.25,17.47,9,120.0,14.3
41,double_top,1,14.51,14.58,10,72.0,16.7
41,double_bottom,2,17.01,17.12,10,47.0,33.3
41,head_and_shoulders,2,28.34,27.81,10,58.0,33.3
41,inv_head_and_shoulders,1,20.06,15.07,10,80.0,16.7
41,ascending_triangle,0,0.0,19.43,10,0.0,0.0
41,descending_triangle,0,0.0,23.63,5,0.0,0.0
42,double_top,0,0.0,6.41,197,0.0,0.0
42,double_bottom,0,0.0,4.94,207,0.0,0.0
42,head_and_shoulders,0,0.0,20.27,189,0.0,0.0
42,inv_head_and_shoulders,0,0.0,9.69,203,0.0,0.0
42,ascending_triangle,3,13.57,18.77,189,20.0,60.0
42,descending_triangle,2,7.57,12.14,203,20.0,40.0
43,double_top,3,4.59,7.13,103,22.33,21.4
43,double_bottom,2,3.83,5.76,107,29.0,14.3
43,head_and_shoulders,0,0.0,18.14,97,0.0,0.0
43,inv_head_and_shoulders,2,6.45,9.62,101,34.0,14.3
43,ascending_triangle,3,13.57,18.56,96,31.33,21.4
43,descending_triangle,4,8.63,12.65,106,28.5,28.6
44,double_top,4,8.12,8.26,55,25.75,25.0
44,double_bottom,3,10.11,7.55,47,28.67,18.8
44,head_and_shoulders,3,17.11,15.01,48,43.67,18.8
44,inv_head_and_shoulders,1,7.69,11.39,46,42.0,6.2
44,ascending_triangle,1,11.25,19.05,49,64.0,6.2
44,descending_triangle,4,11.51,14.62,47,36.0,25.0
45,double_top,3,7.6,8.07,57,23.0,25.0
45,double_bottom,1,7.15,7.31,51,29.0,8.3
45,head_and_shoulders,3,17.11,14.86,53,43.67,25.0
45,inv_head_and_shoulders,1,11.1,10.65,51,34.0,8.3
45,ascending_triangle,2,18.84,19.97,48,48.0,16.7
45,descending_triangle,2,10.15,14.47,47,33.0,16.7
46,double_top,6,9.51,9.62,22,42.17,42.9
46,double_bottom,2,11.58,10.91,22,35.0,14.3
46,head_and_shoulders,2,15.63,16.85,21,67.5,14.3
46,inv_head_and_shoulders,0,0.0,13.43,20,0.0,0.0
46,ascending_triangle,4,12.69,18.52,20,82.0,28.6
46,descending_triangle,0,0.0,19.7,23,0.0,0.0
47,double_top,6,9.45,10.77,21,38.33,37.5
47,double_bottom,5,13.5,10.86,22,37.4,31.2
47,head_and_shoulders,1,9.62,16.97,21,80.0,6.2
47,inv_head_and_shoulders,2,16.61,13.41,22,39.0,12.5
47,ascending_triangle,2,14.04,18.33,20,66.0,12.5
47,descending_triangle,0,0.0,17.63,23,0.0,0.0
48,double_top,5,11.13,11.41,21,50.6,41.7
48,double_bottom,2,14.72,12.48,22,48.0,16.7
48,head_and_shoulders,2,16.08,15.31,22,64.5,16.7
48,inv_head_and_shoulders,0,0.0,15.26,20,0.0,0.0
48,ascending_triangle,3,17.98,22.37,22,90.0,25.0
48,descending_triangle,0,0.0,19.55,22,0.0,0.0
49,double_top,4,12.66,12.17,21,40.25,28.6
49,double_bottom,2,16.13,12.09,23,35.0,14.3
49,head_and_shoulders,2,16.08,15.31,22,64.5,14.3
49,inv_head_and_shoulders,1,16.44,12.91,22,32.0,7.1
49,ascending_triangle,5,16.7,20.99,24,84.0,35.7
49,descending_triangle,0,0.0,19.58,22,0.0,0.0
50,double_top,4,12.67,12.62,20,37.0,26.7
50,double_bottom,2,14.6,11.89,18,32.0,13.3
50,head_and_shoulders,1,23.75,20.27,19,54.0,6.7
50,inv_head_and_shoulders,1,18.94,14.02,18,72.0,6.7
50,ascending_triangle,4,17.03,18.55,18,74.5,26.7
50,descending_triangle,3,20.83,17.55,17,64.0,20.0
51,double_top,3,13.32,12.86,19,39.0,23.1
51,double_bottom,3,13.88,12.18,18,34.67,23.1
51,head_and_shoulders,1,8.94,17.91,23,75.0,7.7
51,inv_head_and_shoulders,1,17.22,13.71,18,37.0,7.7
51,ascending_triangle,2,16.97,18.07,19,83.0,15.4
51,descending_triangle,3,27.79,17.6,17,55.33,23.1
52,double_top,5,12.8,13.82,16,43.2,45.5
52,double_bottom,1,17.51,13.87,13,48.0,9.1
52,head_and_shoulders,1,26.8,24.18,15,57.0,9.1
52,inv_head_and_shoulders,1,20.19,14.75,12,72.0,9.1
52,ascending_triangle,2,24.12,26.35,12,80.0,18.2
52,descending_triangle,1,11.25,20.2,13,120.0,9.1
53,double_top,2,12.07,13.85,12,42.0,18.2
53,double_bottom,2,17.0,14.2,18,35.0,18.2
53,head_and_shoulders,2,20.84,21.81,15,47.5,18.2
53,inv_head_and_shoulders,2,20.15,14.74,15,52.0,18.2
53,ascending_triangle,2,23.14,26.34,14,72.0,18.2
53,descending_triangle,1,11.25,20.2,14,120.0,9.1
54,double_top,1,14.51,14.58,10,72.0,16.7
54,double_bottom,2,17.01,17.12,10,47.0,33.3
54,head_and_shoulders,2,28.34,27.81,10,58.0,33.3
54,inv_head_and_shoulders,1,20.06,15.07,10,91.0,16.7
54,ascending_triangle,0,0.0,19.43,10,0.0,0.0
54,descending_triangle,0,0.0,23.13,6,0.0,0.0
55,double_top,3,14.49,14.49,13,44.0,33.3
55,double_bottom,2,17.47,17.12,10,47.0,22.2
55,head_and_shoulders,2,31.03,27.29,12,58.0,22.2
55,inv_head_and_shoulders,1,21.95,15.07,10,41.0,11.1
55,ascending_triangle,0,0.0,19.18,11,0.0,0.0
55,descending_triangle,1,28.87,23.13,6,70.0,11.1
56,double_top,4,14.84,16.53,10,47.75,80.0
56,double_bottom,0,0.0,19.9,10,0.0,0.0
56,head_and_shoulders,1,27.73,25.63,10,78.0,20.0
56,inv_head_and_shoulders,0,0.0,17.53,10,0.0,0.0
56,ascending_triangle,0,0.0,21.9,10,0.0,0.0
56,descending_triangle,0,0.0,26.99,5,0.0,0.0
57,double_top,4,14.84,16.53,10,40.25,50.0
57,double_bottom,1,18.17,19.9,10,48.0,12.5
57,head_and_shoulders,1,27.73,25.63,10,78.0,12.5
57,inv_head_and_shoulders,0,0.0,17.53,10,0.0,0.0
57,ascending_triangle,2,21.16,21.9,10,80.0,25.0
57,descending_triangle,0,0.0,26.99,5,0.0,0.0
58,double_top,1,17.4,18.49,10,31.0,20.0
58,double_bottom,0,0.0,21.82,10,0.0,0.0
58,head_and_shoulders,1,27.88,25.06,10,68.0,20.0
58,inv_head_and_shoulders,1,22.81,19.26,10,101.0,20.0
58,ascending_triangle,1,15.24,24.05,10,64.0,20.0
58,descending_triangle,1,21.26,29.71,3,120.0,20.0
59,double_top,1,17.4,18.49,10,72.0,33.3
59,double_bottom,0,0.0,21.82,10,0.0,0.0
59,head_and_shoulders,1,27.88,25.06,10,68.0,33.3
59,inv_head_and_shoulders,0,0.0,19.26,10,0.0,0.0
59,ascending_triangle,1,15.24,24.05,10,64.0,33.3
59,descending_triangle,0,0.0,29.71,3,0.0,0.0
60,double_top,3,4.59,7.03,138,22.33,16.7
60,double_bottom,2,3.83,5.79,139,29.0,11.1
60,head_and_shoulders,0,0.0,18.89,133,0.0,0.0
60,inv_head_and_shoulders,2,6.45,9.73,135,34.0,11.1
60,ascending_triangle,5,13.55,18.08,130,33.4,27.8
60,descending_triangle,6,10.54,13.19,140,30.0,33.3
61,double_top,4,8.12,8.16,75,27.25,23.5
61,double_bottom,3,10.11,7.63,71,28.67,17.6
61,head_and_shoulders,3,17.11,17.32,68,43.67,17.6
61,inv_head_and_shoulders,2,7.15,11.55,66,47.5,11.8
61,ascending_triangle,1,11.25,17.92,66,80.0,5.9
61,descending_triangle,4,11.51,15.17,69,40.0,23.5
62,double_top,3,7.6,8.32,80,23.0,20.0
62,double_bottom,1,7.15,7.29,74,29.0,6.7
62,head_and_shoulders,3,17.11,17.2,74,43.67,20.0
62,inv_head_and_shoulders,2,8.67,10.25,76,38.5,13.3
62,ascending_triangle,4,18.86,20.53,67,50.25,26.7
62,descending_triangle,2,10.15,15.51,72,33.0,13.3
63,double_top,7,9.5,10.17,35,40.57,38.9
63,double_bottom,4,11.75,10.7,32,38.25,22.2
63,head_and_shoulders,2,15.63,18.84,33,67.5,11.1
63,inv_head_and_shoulders,1,7.56,13.69,30,73.0,5.6
63,ascending_triangle,4,12.69,18.48,32,100.0,22.2
63,descending_triangle,0,0.0,19.03,33,0.0,0.0
64,double_top,8,9.48,10.58,33,35.75,40.0
64,double_bottom,5,13.5,11.02,33,37.4,25.0
64,head_and_shoulders,1,9.62,18.99,32,80.0,5.0
64,inv_head_and_shoulders,2,16.61,14.11,32,39.0,10.0
64,ascending_triangle,3,13.98,19.61,32,70.67,15.0
64,descending_triangle,1,11.76,17.52,34,52.0,5.0
65,double_top,5,11.13,11.54,29,56.0,41.7
65,double_bottom,2,14.72,12.47,24,48.0,16.7
65,head_and_shoulders,2,16.08,15.31,24,64.5,16.7
65,inv_head_and_shoulders,0,0.0,14.13,23,0.0,0.0
65,ascending_triangle,3,17.98,21.21,28,90.0,25.0
65,descending_triangle,0,0.0,19.42,25,0.0,0.0
66,double_top,6,12.48,12.13,29,38.83,35.3
66,double_bottom,2,16.13,11.93,30,35.0,11.8
66,head_and_shoulders,2,16.08,15.25,27,64.5,11.8
66,inv_head_and_shoulders,1,16.44,13.98,30,32.0,5.9
66,ascending_triangle,6,17.01,22.26,32,78.67,35.3
66,descending_triangle,0,0.0,19.07,28,0.0,0.0
67,double_top,4,12.67,12.34,28,37.0,22.2
67,double_bottom,2,14.6,12.57,22,32.0,11.1
67,head_and_shoulders,2,17.92,18.0,25,56.5,11.1
67,inv_head_and_shoulders,1,18.94,15.11,23,72.0,5.6
67,ascending_triangle,6,16.45,18.31,25,68.83,33.3
67,descending_triangle,3,20.83,18.43,21,66.0,16.7
68,double_top,3,13.32,12.0,27,39.0,21.4
68,double_bottom,3,13.88,12.76,22,34.67,21.4
68,head_and_shoulders,1,8.94,17.74,26,75.0,7.1
68,inv_head_and_shoulders,1,17.22,15.02,25,37.0,7.1
68,ascending_triangle,3,16.38,18.21,27,72.0,21.4
68,descending_triangle,3,27.79,18.25,22,55.33,21.4
69,double_top,6,12.58,12.98,22,46.83,37.5
69,double_bottom,2,15.93,14.26,21,44.5,12.5
69,head_and_shoulders,2,18.87,19.31,22,47.5,12.5
69,inv_head_and_shoulders,1,20.19,15.94,21,72.0,6.2
69,ascending_triangle,4,20.63,21.62,22,81.75,25.0
69,descending_triangle,1,11.25,21.38,19,120.0,6.2
70,double_top,3,11.6,13.1,20,47.33,23.1
70,double_bottom,2,17.0,14.19,21,35.0,15.4
70,head_and_shoulders,2,20.84,21.08,21,47.5,15.4
70,inv_head_and_shoulders,2,20.15,17.03,23,52.0,15.4
70,ascending_triangle,3,24.04,21.62,21,86.67,23.1
70,descending_triangle,1,11.25,20.3,20,120.0,7.7
71,double_top,2,14.04,14.5,19,61.5,16.7
71,double_bottom,2,17.01,17.8,20,47.0,16.7
71,head_and_shoulders,3,26.34,24.46,20,60.67,25.0
71,inv_head_and_shoulders,2,19.18,17.32,16,70.0,16.7
71,ascending_triangle,3,16.45,19.05,16,124.0,25.0
71,descending_triangle,0,0.0,25.66,15,0.0,0.0
72,double_top,4,14.26,14.53,16,43.25,28.6
72,double_bottom,3,17.13,17.46,17,42.0,21.4
72,head_and_shoulders,3,28.14,24.8,17,60.67,21.4
72,inv_head_and_shoulders,2,17.25,14.77,17,50.5,14.3
72,ascending_triangle,1,20.97,19.0,17,50.0,7.1
72,descending_triangle,1,28.87,26.17,15,70.0,7.1
73,double_top,4,14.84,16.61,16,47.75,57.1
73,double_bottom,0,0.0,20.0,13,0.0,0.0
73,head_and_shoulders,1,27.73,24.88,13,78.0,14.3
73,inv_head_and_shoulders,0,0.0,17.88,12,0.0,0.0
73,ascending_triangle,1,14.02,21.65,15,160.0,14.3
73,descending_triangle,1,28.46,25.8,9,114.0,14.3
74,double_top,5,14.89,16.5,16,38.4,38.5
74,double_bottom,2,19.68,19.25,16,44.5,15.4
74,head_and_shoulders,2,29.27,24.9,13,67.5,15.4
74,inv_head_and_shoulders,0,0.0,18.14,14,0.0,0.0
74,ascending_triangle,4,19.36,21.48,17,95.25,30.8
74,descending_triangle,0,0.0,25.8,9,0.0,0.0
75,double_top,2,16.86,18.99,15,61.5,33.3
75,double_bottom,0,0.0,21.57,14,0.0,0.0
75,head_and_shoulders,1,27.88,26.02,13,68.0,16.7
75,inv_head_and_shoulders,1,22.81,19.27,12,101.0,16.7
75,ascending_triangle,1,15.24,23.81,13,120.0,16.7
75,descending_triangle,1,21.26,28.98,8,120.0,16.7
76,double_top,1,17.4,18.89,14,72.0,33.3
76,double_bottom,0,0.0,21.82,11,0.0,0.0
76,head_and_shoulders,1,27.88,26.02,14,68.0,33.3
76,inv_head_and_shoulders,0,0.0,19.26,11,0.0,0.0
76,ascending_triangle,1,15.24,23.91,11,120.0,33.3
76,descending_triangle,0,0.0,28.88,7,0.0,0.0
77,double_top,0,0.0,21.45,10,0.0,0.0
77,double_bottom,2,28.04,23.82,10,69.5,25.0
77,head_and_shoulders,2,31.14,25.82,10,64.5,25.0
77,inv_head_and_shoulders,1,24.07,23.14,10,95.0,12.5
77,ascending_triangle,2,16.35,29.1,10,139.5,25.0
77,descending_triangle,1,19.58,17.83,4,132.0,12.5
78,double_top,1,16.8,21.45,10,58.0,16.7
78,double_bottom,2,28.04,23.82,10,60.5,33.3
78,head_and_shoulders,1,29.03,25.82,10,58.0,16.7
78,inv_head_and_shoulders,2,26.11,23.14,10,83.5,33.3
78,ascending_triangle,0,0.0,29.1,10,0.0,0.0
78,descending_triangle,0,0.0,17.83,4,0.0,0.0
79,double_top,2,20.26,23.19,10,75.0,25.0
79,double_bottom,3,30.56,24.91,10,86.67,37.5
79,head_and_shoulders,1,31.95,28.3,10,85.0,12.5
79,inv_head_and_shoulders,2,25.97,23.2,10,87.5,25.0
79,ascending_triangle,0,0.0,26.42,10,0.0,0.0
79,descending_triangle,0,0.0,20.05,2,0.0,0.0
80,double_top,1,16.49,23.19,10,48.0,33.3
80,double_bottom,0,0.0,24.91,10,0.0,0.0
80,head_and_shoulders,1,31.95,28.3,10,48.0,33.3
80,inv_head_and_shoulders,1,26.27,23.2,10,88.0,33.3
80,ascending_triangle,0,0.0,26.42,10,0.0,0.0
80,descending_triangle,0,0.0,20.05,2,0.0,0.0
81,double_top,3,21.12,23.96,10,86.33,60.0
81,double_bottom,0,0.0,26.09,10,0.0,0.0
81,head_and_shoulders,1,33.83,31.56,10,78.0,20.0
81,inv_head_and_shoulders,1,27.09,23.57,10,73.0,20.0
81,ascending_triangle,0,0.0,23.73,10,0.0,0.0
81,descending_triangle,0,0.0,23.13,2,0.0,0.0
82,double_top,1,21.37,23.96,10,31.0,20.0
82,double_bottom,0,0.0,26.09,10,0.0,0.0
82,head_and_shoulders,1,33.83,31.56,10,78.0,20.0
82,inv_head_and_shoulders,1,28.07,23.57,10,101.0,20.0
82,ascending_triangle,1,16.84,23.73,10,120.0,20.0
82,descending_triangle,1,26.81,23.13,2,120.0,20.0
83,double_top,3,4.91,7.26,198,32.33,16.7
83,double_bottom,5,3.8,5.48,212,26.4,27.8
83,head_and_shoulders,0,0.0,18.93,194,0.0,0.0
83,inv_head_and_shoulders,1,5.91,9.19,203,33.0,5.6
83,ascending_triangle,4,18.36,19.15,195,30.0,22.2
83,descending_triangle,5,6.59,11.47,205,36.0,27.8
84,double_top,5,8.54,8.59,97,29.6,26.3
84,double_bottom,9,7.22,7.17,104,27.78,47.4
84,head_and_shoulders,1,11.45,17.32,88,65.0,5.3
84,inv_head_and_shoulders,2,9.11,10.44,101,46.0,10.5
84,ascending_triangle,2,11.45,21.0,96,60.0,10.5
84,descending_triangle,0,0.0,12.53,108,0.0,0.0
85,double_top,3,10.03,8.51,109,28.0,16.7
85,double_bottom,4,6.78,7.11,116,23.0,22.2
85,head_and_shoulders,2,12.47,19.89,102,57.0,11.1
85,inv_head_and_shoulders,1,7.14,10.2,110,59.0,5.6
85,ascending_triangle,4,13.65,19.83,98,40.0,22.2
85,descending_triangle,4,9.77,14.1,114,43.0,22.2
86,double_top,5,11.81,11.44,43,54.0,26.3
86,double_bottom,8,12.27,10.97,49,46.88,42.1
86,head_and_shoulders,1,14.72,19.92,44,65.0,5.3
86,inv_head_and_shoulders,2,15.76,14.1,50,41.0,10.5
86,ascending_triangle,2,22.73,23.29,42,80.0,10.5
86,descending_triangle,1,8.41,18.02,49,80.0,5.3
87,double_top,6,13.23,12.82,51,31.67,22.2
87,double_bottom,14,11.07,11.22,58,33.36,51.9
87,head_and_shoulders,2,19.53,20.99,50,55.0,7.4
87,inv_head_and_shoulders,0,0.0,13.63,56,0.0,0.0
87,ascending_triangle,2,13.9,20.92,46,80.0,7.4
87,descending_triangle,3,15.09,17.8,55,52.0,11.1
88,double_top,4,13.0,13.04,40,41.5,36.4
88,double_bottom,5,13.31,11.85,46,36.8,45.5
88,head_and_shoulders,0,0.0,22.18,40,0.0,0.0
88,inv_head_and_shoulders,1,11.59,14.44,43,57.0,9.1
88,ascending_triangle,0,0.0,23.79,38,0.0,0.0
88,descending_triangle,1,9.19,16.44,39,90.0,9.1
89,double_top,8,12.48,13.98,47,37.0,32.0
89,double_bottom,10,12.57,11.35,50,41.5,40.0
89,head_and_shoulders,2,23.7,21.28,47,49.5,8.0
89,inv_head_and_shoulders,3,15.9,13.65,48,46.67,12.0
89,ascending_triangle,1,29.85,25.02,42,90.0,4.0
89,descending_triangle,1,16.26,15.64,44,36.0,4.0
90,double_top,6,14.02,14.16,39,36.83,27.3
90,double_bottom,7,13.24,11.89,43,34.57,31.8
90,head_and_shoulders,2,29.31,24.88,38,46.0,9.1
90,inv_head_and_shoulders,2,12.78,14.34,40,51.0,9.1
90,ascending_triangle,0,0.0,23.86,38,0.0,0.0
90,descending_triangle,5,12.12,16.94,38,79.6,22.7
91,double_top,3,13.87,13.87,41,32.67,15.8
91,double_bottom,10,11.69,11.73,44,37.1,52.6
91,head_and_shoulders,1,19.1,23.46,43,45.0,5.3
91,inv_head_and_shoulders,2,13.33,13.93,46,42.0,10.5
91,ascending_triangle,1,16.92,24.4,36,50.0,5.3
91,descending_triangle,2,14.52,19.13,45,58.0,10.5
92,double_top,3,17.94,16.4,30,54.0,17.6
92,double_bottom,8,15.08,14.46,38,51.38,47.1
92,head_and_shoulders,1,21.82,22.75,34,65.0,5.9
92,inv_head_and_shoulders,3,13.85,15.66,38,69.67,17.6
92,ascending_triangle,0,0.0,18.88,23,0.0,0.0
92,descending_triangle,2,12.0,17.16,36,120.0,11.8
93,double_top,4,18.01,16.1,32,39.5,25.0
93,double_bottom,8,15.08,14.21,41,37.75,50.0
93,head_and_shoulders,1,20.7,23.9,34,37.0,6.2
93,inv_head_and_shoulders,2,12.62,15.93,37,49.0,12.5
93,ascending_triangle,1,16.51,19.44,28,60.0,6.2
93,descending_triangle,0,0.0,19.17,34,0.0,0.0
94,double_top,2,18.66,18.41,24,70.0,22.2
94,double_bottom,5,19.47,16.66,35,42.0,55.6
94,head_and_shoulders,0,0.0,27.76,30,0.0,0.0
94,inv_head_and_shoulders,1,11.32,18.53,28,52.0,11.1
94,ascending_triangle,0,0.0,22.99,17,0.0,0.0
94,descending_triangle,1,27.07,23.57,29,92.0,11.1
95,double_top,5,18.0,18.08,29,39.6,29.4
95,double_bottom,8,17.17,16.42,35,45.38,47.1
95,head_and_shoulders,1,26.87,24.74,31,55.0,5.9
95,inv_head_and_shoulders,1,17.58,17.44,31,47.0,5.9
95,ascending_triangle,0,0.0,21.9,20,0.0,0.0
95,descending_triangle,2,24.72,21.82,27,70.0,11.8
96,double_top,3,21.49,20.59,21,59.0,21.4
96,double_bottom,9,17.09,17.83,23,64.33,64.3
96,head_and_shoulders,0,0.0,28.32,23,0.0,0.0
96,inv_head_and_shoulders,1,18.81,17.34,24,67.0,7.1
96,ascending_triangle,0,0.0,30.02,15,0.0,0.0
96,descending_triangle,1,10.56,20.28,22,106.0,7.1
97,double_top,3,23.05,20.42,22,68.0,23.1
97,double_bottom,5,16.94,16.1,25,51.2,38.5
97,head_and_shoulders,3,24.62,26.63,30,50.67,23.1
97,inv_head_and_shoulders,1,18.81,17.94,23,67.0,7.7
97,ascending_triangle,1,17.39,29.7,16,80.0,7.7
97,descending_triangle,0,0.0,20.21,21,0.0,0.0
98,double_top,3,27.11,26.95,14,71.0,37.5
98,double_bottom,4,16.89,19.53,24,60.5,50.0
98,head_and_shoulders,0,0.0,36.33,14,0.0,0.0
98,inv_head_and_shoulders,1,16.55,18.15,24,79.0,12.5
98,ascending_triangle,0,0.0,28.35,11,0.0,0.0
98,descending_triangle,0,0.0,20.89,19,0.0,0.0
99,double_top,2,24.45,27.06,13,52.5,25.0
99,double_bottom,3,21.19,19.81,23,39.33,37.5
99,head_and_shoulders,0,0.0,35.79,13,0.0,0.0
99,inv_head_and_shoulders,3,16.77,18.06,29,68.0,37.5
99,ascending_triangle,0,0.0,28.15,12,0.0,0.0
99,descending_triangle,0,0.0,19.28,17,0.0,0.0
100,double_top,5,26.97,27.01,17,76.8,45.5
100,double_bottom,5,18.42,21.61,23,73.4,45.5
100,head_and_shoulders,0,0.0,37.38,11,0.0,0.0
100,inv_head_and_shoulders,1,17.89,20.96,20,79.0,9.1
100,ascending_triangle,0,0.0,28.38,9,0.0,0.0
100,descending_triangle,0,0.0,16.6,14,0.0,0.0
101,double_top,2,23.0,25.24,19,66.5,18.2
101,double_bottom,5,17.19,19.71,22,62.4,45.5
101,head_and_shoulders,0,0.0,37.38,11,0.0,0.0
101,inv_head_and_shoulders,1,21.03,20.23,20,66.0,9.1
101,ascending_triangle,0,0.0,28.38,9,0.0,0.0
101,descending_triangle,3,16.8,20.28,17,100.0,27.3
102,double_top,1,24.48,26.01,15,75.0,16.7
102,double_bottom,3,24.86,22.02,14,104.0,50.0
102,head_and_shoulders,0,0.0,38.5,12,0.0,0.0
102,inv_head_and_shoulders,1,21.16,17.88,11,123.0,16.7
102,ascending_triangle,0,0.0,35.56,9,0.0,0.0
102,descending_triangle,1,15.12,20.93,11,146.0,16.7
103,double_top,3,29.82,26.2,11,67.67,37.5
103,double_bottom,3,18.43,23.16,19,59.67,37.5
103,head_and_shoulders,0,0.0,37.47,11,0.0,0.0
103,inv_head_and_shoulders,1,15.23,19.68,16,62.0,12.5
103,ascending_triangle,0,0.0,35.56,9,0.0,0.0
103,descending_triangle,1,15.12,15.81,14,146.0,12.5
104,double_top,1,36.0,26.93,12,91.0,25.0
104,double_bottom,2,23.59,23.99,14,80.0,50.0
104,head_and_shoulders,0,0.0,30.23,10,0.0,0.0
104,inv_head_and_shoulders,1,15.74,18.74,12,93.0,25.0
104,ascending_triangle,0,0.0,31.85,8,0.0,0.0
104,descending_triangle,0,0.0,19.73,11,0.0,0.0
105,double_top,2,30.92,27.03,12,71.0,28.6
105,double_bottom,3,19.86,22.65,16,73.33,42.9
105,head_and_shoulders,0,0.0,30.23,10,0.0,0.0
105,inv_head_and_shoulders,2,15.4,18.26,17,86.0,28.6
105,ascending_triangle,0,0.0,31.85,8,0.0,0.0
105,descending_triangle,0,0.0,19.66,10,0.0,0.0
106,double_top,3,31.53,27.77,11,85.33,42.9
106,double_bottom,3,24.37,26.21,15,83.33,42.9
106,head_and_shoulders,0,0.0,36.6,9,0.0,0.0
106,inv_head_and_shoulders,1,15.52,19.09,12,87.0,14.3
106,ascending_triangle,0,0.0,35.83,7,0.0,0.0
106,descending_triangle,0,0.0,24.32,10,0.0,0.0
107,double_top,4,30.9,27.65,14,70.75,40.0
107,double_bottom,3,22.82,25.8,16,75.0,30.0
107,head_and_shoulders,0,0.0,36.64,8,0.0,0.0
107,inv_head_and_shoulders,3,17.85,20.83,19,99.0,30.0
107,ascending_triangle,0,0.0,35.83,7,0.0,0.0
107,descending_triangle,0,0.0,24.32,10,0.0,0.0
108,double_top,2,35.38,28.75,10,107.5,33.3
108,double_bottom,2,23.71,22.52,10,114.0,33.3
108,head_and_shoulders,0,0.0,27.86,4,0.0,0.0
108,inv_head_and_shoulders,1,20.99,19.18,10,212.0,16.7
108,ascending_triangle,1,36.54,36.57,7,165.0,16.7
108,descending_triangle,0,0.0,27.62,9,0.0,0.0
109,double_top,1,26.74,28.55,12,71.0,33.3
109,double_bottom,1,23.23,27.8,15,114.0,33.3
109,head_and_shoulders,0,0.0,27.86,4,0.0,0.0
109,inv_head_and_shoulders,1,20.02,19.49,13,126.0,33.3
109,ascending_triangle,0,0.0,36.57,7,0.0,0.0
109,descending_triangle,0,0.0,27.62,9,0.0,0.0
110,double_top,2,29.89,31.03,10,137.5,25.0
110,double_bottom,4,23.62,24.56,10,100.75,50.0
110,head_and_shoulders,0,0.0,19.25,4,0.0,0.0
110,inv_head_and_shoulders,0,0.0,21.37,10,0.0,0.0
110,ascending_triangle,1,39.93,35.88,8,126.0,12.5
110,descending_triangle,1,28.37,18.48,8,200.0,12.5
111,double_top,3,32.27,31.03,10,114.67,33.3
111,double_bottom,3,26.75,24.56,10,80.0,33.3
111,head_and_shoulders,0,0.0,19.25,4,0.0,0.0
111,inv_head_and_shoulders,1,22.31,21.37,10,57.0,11.1
111,ascending_triangle,1,39.93,35.88,8,126.0,11.1
111,descending_triangle,1,17.12,18.48,8,150.0,11.1
112,double_top,1,36.61,35.77,8,63.0,33.3
112,double_bottom,2,25.85,29.12,10,99.0,66.7
112,head_and_shoulders,0,0.0,0.0,0,0.0,0.0
112,inv_head_and_shoulders,0,0.0,25.8,10,0.0,0.0
112,ascending_triangle,0,0.0,13.08,3,0.0,0.0
112,descending_triangle,0,0.0,18.97,6,0.0,0.0
113,double_top,1,36.1,35.77,8,74.0,25.0
113,double_bottom,3,31.1,29.12,10,84.67,75.0
113,head_and_shoulders,0,0.0,0.0,0,0.0,0.0
113,inv_head_and_shoulders,0,0.0,25.8,10,0.0,0.0
113,ascending_triangle,0,0.0,13.08,3,0.0,0.0
113,descending_triangle,0,0.0,18.97,6,0.0,0.0
114,double_top,3,4.91,7.11,279,32.33,10.3
114,double_bottom,5,3.8,5.63,296,26.6,17.2
114,head_and_shoulders,0,0.0,18.77,277,0.0,0.0
114,inv_head_and_shoulders,1,5.91,9.38,280,33.0,3.4
114,ascending_triangle,9,15.11,18.69,271,33.11,31.0
114,descending_triangle,11,7.2,12.18,292,34.55,37.9
115,double_top,7,8.27,8.56,140,28.43,20.0
115,double_bottom,11,7.17,7.08,146,27.55,31.4
115,head_and_shoulders,2,10.89,17.69,130,57.0,5.7
115,inv_head_and_shoulders,3,8.2,10.28,141,45.33,8.6
115,ascending_triangle,9,14.36,20.65,136,48.67,25.7
115,descending_triangle,3,7.34,13.27,150,40.0,8.6
116,double_top,5,9.04,8.21,165,28.8,19.2
116,double_bottom,4,6.78,7.26,163,23.0,15.4
116,head_and_shoulders,3,12.09,19.07,154,50.0,11.5
116,inv_head_and_shoulders,1,7.14,10.29,158,59.0,3.8
116,ascending_triangle,7,13.85,20.19,143,36.14,26.9
116,descending_triangle,6,12.0,14.61,162,37.0,23.1
117,double_top,9,10.94,11.27,68,50.89,27.3
117,double_bottom,12,12.37,10.78,73,44.08,36.4
117,head_and_shoulders,2,13.26,20.08,67,57.0,6.1
117,inv_head_and_shoulders,4,13.73,13.52,73,51.75,12.1
117,ascending_triangle,4,20.01,21.52,63,80.0,12.1
117,descending_triangle,2,14.44,17.71,73,80.0,6.1
118,double_top,9,12.46,12.45,75,33.89,23.1
118,double_bottom,18,11.47,11.28,84,33.06,46.2
118,head_and_shoulders,3,16.22,19.75,73,63.0,7.7
118,inv_head_and_shoulders,1,15.11,13.43,77,55.0,2.6
118,ascending_triangle,5,12.92,20.21,72,89.8,12.8
118,descending_triangle,3,15.09,18.51,78,52.0,7.7
119,double_top,8,12.06,12.74,66,42.25,30.8
119,double_bottom,9,13.42,11.87,73,40.89,34.6
119,head_and_shoulders,1,10.9,21.66,63,49.0,3.8
119,inv_head_and_shoulders,3,12.56,14.1,68,65.67,11.5
119,ascending_triangle,2,13.49,21.74,60,69.0,7.7
119,descending_triangle,3,18.97,18.68,64,90.0,11.5
120,double_top,9,12.46,13.03,67,37.0,26.5
120,double_bottom,13,12.73,11.6,73,39.0,38.2
120,head_and_shoulders,4,20.16,20.47,66,54.0,11.8
120,inv_head_and_shoulders,5,16.76,13.87,72,44.0,14.7
120,ascending_triangle,2,21.59,22.57,62,75.0,5.9
120,descending_triangle,1,16.26,17.87,62,60.0,2.9
121,double_top,10,12.81,13.13,59,39.7,33.3
121,double_bottom,8,13.43,12.26,64,33.12,26.7
121,head_and_shoulders,3,22.62,23.09,59,57.0,10.0
121,inv_head_and_shoulders,2,12.78,14.35,62,51.0,6.7
121,ascending_triangle,1,13.59,22.96,59,100.0,3.3
121,descending_triangle,6,14.4,19.14,58,77.33,20.0
122,double_top,4,13.92,13.1,65,33.5,14.8
122,double_bottom,11,11.84,12.12,58,37.09,40.7
122,head_and_shoulders,2,14.22,21.4,61,59.5,7.4
122,inv_head_and_shoulders,4,15.77,14.35,67,41.25,14.8
122,ascending_triangle,1,16.92,23.59,58,50.0,3.7
122,descending_triangle,5,24.61,20.71,59,53.2,18.5
123,double_top,7,15.5,15.48,48,52.14,23.3
123,double_bottom,11,15.84,14.34,55,47.0,36.7
123,head_and_shoulders,3,15.32,20.59,47,63.67,10.0
123,inv_head_and_shoulders,4,14.82,15.39,53,75.25,13.3
123,ascending_triangle,3,15.56,17.7,44,93.33,10.0
123,descending_triangle,2,12.0,18.13,49,120.0,6.7
124,double_top,9,15.39,14.83,51,38.33,32.1
124,double_bottom,10,15.58,14.41,56,35.7,35.7
124,head_and_shoulders,2,16.7,21.73,46,48.0,7.1
124,inv_head_and_shoulders,4,15.94,15.62,59,45.75,14.3
124,ascending_triangle,2,15.86,20.41,46,51.5,7.1
124,descending_triangle,1,37.48,20.95,48,60.0,3.6
125,double_top,5,15.85,17.47,37,55.4,23.8
125,double_bottom,8,18.57,16.28,50,37.75,38.1
125,head_and_shoulders,1,18.99,25.61,41,63.0,4.8
125,inv_head_and_shoulders,4,18.16,18.23,41,63.5,19.0
125,ascending_triangle,2,15.37,20.93,31,140.0,9.5
125,descending_triangle,1,27.07,23.77,40,92.0,4.8
126,double_top,8,16.73,16.6,44,38.75,30.8
126,double_bottom,8,17.17,16.31,48,45.38,30.8
126,head_and_shoulders,3,24.24,22.64,48,55.67,11.5
126,inv_head_and_shoulders,3,17.61,16.47,42,59.67,11.5
126,ascending_triangle,1,14.78,20.45,38,92.0,3.8
126,descending_triangle,3,27.24,23.72,41,70.0,11.5
127,double_top,3,21.49,19.3,34,59.0,13.0
127,double_bottom,13,18.22,18.16,41,60.08,56.5
127,head_and_shoulders,2,26.26,26.68,32,53.5,8.7
127,inv_head_and_shoulders,3,21.13,17.93,37,68.0,13.0
127,ascending_triangle,1,15.44,24.77,27,106.0,4.3
127,descending_triangle,1,10.56,24.18,30,106.0,4.3
128,double_top,6,19.67,18.96,35,59.67,28.6
128,double_bottom,6,17.13,17.18,43,46.0,28.6
128,head_and_shoulders,3,24.62,25.78,38,52.33,14.3
128,inv_head_and_shoulders,3,18.26,17.77,36,71.67,14.3
128,ascending_triangle,2,16.42,25.06,29,93.0,9.5
128,descending_triangle,1,20.01,22.86,31,106.0,4.8
129,double_top,4,24.32,21.03,30,74.0,33.3
129,double_bottom,5,18.51,20.89,37,53.6,41.7
129,head_and_shoulders,0,0.0,28.47,29,0.0,0.0
129,inv_head_and_shoulders,2,19.98,18.95,34,60.5,16.7
129,ascending_triangle,1,18.36,27.04,24,120.0,8.3
129,descending_triangle,0,0.0,25.61,26,0.0,0.0
130,double_top,3,22.06,20.62,28,46.0,20.0
130,double_bottom,7,22.36,20.73,41,43.29,46.7
130,head_and_shoulders,0,0.0,27.7,30,0.0,0.0
130,inv_head_and_shoulders,3,16.77,18.71,38,68.0,20.0
130,ascending_triangle,2,26.01,25.8,25,105.0,13.3
130,descending_triangle,0,0.0,24.12,23,0.0,0.0
131,double_top,6,25.51,22.99,29,77.5,42.9
131,double_bottom,7,20.19,22.31,31,71.29,50.0
131,head_and_shoulders,0,0.0,31.01,23,0.0,0.0
131,inv_head_and_shoulders,1,17.89,21.19,30,79.0,7.1
131,ascending_triangle,0,0.0,23.98,20,0.0,0.0
131,descending_triangle,0,0.0,25.32,19,0.0,0.0
132,double_top,3,20.76,23.92,25,69.33,15.8
132,double_bottom,9,20.16,21.82,34,61.67,47.4
132,head_and_shoulders,1,22.64,31.5,22,59.0,5.3
132,inv_head_and_shoulders,2,25.09,21.18,30,89.0,10.5
132,ascending_triangle,1,32.57,26.33,19,100.0,5.3
132,descending_triangle,3,16.8,23.71,22,100.0,15.8
133,double_top,2,22.5,26.09,20,56.0,18.2
133,double_bottom,6,25.57,23.61,26,78.5,54.5
133,head_and_shoulders,0,0.0,32.3,22,0.0,0.0
133,inv_head_and_shoulders,2,18.74,21.33,21,93.0,18.2
133,ascending_triangle,0,0.0,29.08,15,0.0,0.0
133,descending_triangle,1,15.12,22.19,12,146.0,9.1
134,double_top,6,26.53,24.09,26,67.33,35.3
134,double_bottom,6,22.17,24.86,29,55.17,35.3
134,head_and_shoulders,1,22.13,31.73,21,73.0,5.9
134,inv_head_and_shoulders,3,22.41,21.54,25,54.0,17.6
134,ascending_triangle,0,0.0,28.73,17,0.0,0.0
134,descending_triangle,1,15.12,22.41,16,146.0,5.9
135,double_top,2,28.26,27.1,20,90.0,25.0
135,double_bottom,3,24.52,25.87,24,86.33,37.5
135,head_and_shoulders,0,0.0,29.4,16,0.0,0.0
135,inv_head_and_shoulders,3,24.23,22.54,22,75.67,37.5
135,ascending_triangle,0,0.0,31.89,11,0.0,0.0
135,descending_triangle,0,0.0,22.41,13,0.0,0.0
136,double_top,4,24.86,26.64,20,68.5,33.3
136,double_bottom,5,23.36,26.43,30,61.6,41.7
136,head_and_shoulders,0,0.0,30.16,15,0.0,0.0
136,inv_head_and_shoulders,3,18.87,21.75,25,71.33,25.0
136,ascending_triangle,0,0.0,31.54,13,0.0,0.0
136,descending_triangle,0,0.0,22.38,14,0.0,0.0
137,double_top,5,28.44,27.57,16,98.8,45.5
137,double_bottom,5,28.2,27.72,18,76.2,45.5
137,head_and_shoulders,0,0.0,37.79,13,0.0,0.0
137,inv_head_and_shoulders,1,15.52,20.24,16,87.0,9.1
137,ascending_triangle,0,0.0,36.48,11,0.0,0.0
137,descending_triangle,0,0.0,26.67,11,0.0,0.0
138,double_top,4,30.9,27.44,16,70.75,25.0
138,double_bottom,4,23.96,27.27,25,72.75,25.0
138,head_and_shoulders,1,21.52,32.67,16,57.0,6.2
138,inv_head_and_shoulders,5,21.02,22.73,25,90.4,31.2
138,ascending_triangle,1,16.25,34.08,14,173.0,6.2
138,descending_triangle,1,35.12,26.67,11,130.0,6.2
139,double_top,3,32.01,28.68,13,102.0,37.5
139,double_bottom,3,28.35,28.37,19,130.67,37.5
139,head_and_shoulders,0,0.0,35.67,14,0.0,0.0
139,inv_head_and_shoulders,1,20.99,20.96,13,229.0,12.5
139,ascending_triangle,1,36.54,37.33,10,186.0,12.5
139,descending_triangle,0,0.0,29.83,10,0.0,0.0
140,double_top,2,23.88,27.75,15,92.0,20.0
140,double_bottom,5,31.5,29.16,25,71.6,50.0
140,head_and_shoulders,1,23.92,31.84,14,79.0,10.0
140,inv_head_and_shoulders,2,27.13,23.42,20,117.5,20.0
140,ascending_triangle,0,0.0,34.74,13,0.0,0.0
140,descending_triangle,0,0.0,29.43,10,0.0,0.0
141,double_top,2,29.89,31.03,10,138.0,20.0
141,double_bottom,5,24.95,29.83,17,108.2,50.0
141,head_and_shoulders,0,0.0,33.63,12,0.0,0.0
141,inv_head_and_shoulders,1,25.73,24.39,12,112.0,10.0
141,ascending_triangle,1,39.93,36.56,10,200.0,10.0
141,descending_triangle,1,28.37,18.48,8,200.0,10.0
142,double_top,3,32.27,30.78,11,115.0,27.3
142,double_bottom,4,29.93,30.18,16,77.5,36.4
142,head_and_shoulders,1,27.16,33.63,13,84.0,9.1
142,inv_head_and_shoulders,1,22.31,22.25,16,57.0,9.1
142,ascending_triangle,1,39.93,36.56,10,200.0,9.1
142,descending_triangle,1,17.12,18.48,8,150.0,9.1
143,double_top,1,36.61,35.77,10,63.0,20.0
143,double_bottom,3,29.61,30.11,15,100.0,60.0
143,head_and_shoulders,1,35.93,35.82,8,108.0,20.0
143,inv_head_and_shoulders,0,0.0,26.09,11,0.0,0.0
143,ascending_triangle,0,0.0,34.33,10,0.0,0.0
143,descending_triangle,0,0.0,18.97,6,0.0,0.0
144,double_top,1,36.1,35.77,10,74.0,16.7
144,double_bottom,3,31.1,29.96,12,84.67,50.0
144,head_and_shoulders,1,35.93,35.82,8,79.0,16.7
144,inv_head_and_shoulders,1,31.98,26.74,12,101.0,16.7
144,ascending_triangle,0,0.0,34.33,10,0.0,0.0
144,descending_triangle,0,0.0,18.97,6,0.0,0.0
145,double_top,4,37.37,37.9,10,132.5,40.0
145,double_bottom,4,31.7,31.73,11,91.0,40.0
145,head_and_shoulders,1,34.06,34.78,7,82.0,10.0
145,inv_head_and_shoulders,0,0.0,27.17,10,0.0,0.0
145,ascending_triangle,1,36.92,37.7,10,163.0,10.0
145,descending_triangle,0,0.0,16.89,4,0.0,0.0
146,double_top,4,37.87,38.55,9,123.25,44.4
146,double_bottom,4,33.65,23.8,8,100.75,44.4
146,head_and_shoulders,0,0.0,26.82,4,0.0,0.0
146,inv_head_and_shoulders,1,30.51,28.68,10,112.0,11.1
146,ascending_triangle,0,0.0,34.89,8,0.0,0.0
146,descending_triangle,0,0.0,18.61,3,0.0,0.0
147,double_top,1,37.76,7.71,3,66.0,25.0
147,double_bottom,2,36.86,25.42,6,109.0,50.0
147,head_and_shoulders,0,0.0,0.0,0,0.0,0.0
147,inv_head_and_shoulders,1,30.41,34.51,10,219.0,25.0
147,ascending_triangle,0,0.0,17.13,6,0.0,0.0
147,descending_triangle,0,0.0,34.38,1,0.0,0.0
148,double_top,10,7.87,8.28,239,23.9,21.7
148,double_bottom,6,7.53,7.58,249,22.33,13.0
148,head_and_shoulders,6,11.69,18.77,233,51.5,13.0
148,inv_head_and_shoulders,4,8.24,10.42,235,46.75,8.7
148,ascending_triangle,11,12.3,19.72,220,45.91,23.9
148,descending_triangle,9,16.48,15.07,242,38.22,19.6
149,double_top,18,11.1,11.14,122,34.56,34.6
149,double_bottom,12,11.28,11.45,122,32.42,23.1
149,head_and_shoulders,8,17.71,18.57,120,56.5,15.4
149,inv_head_and_shoulders,4,14.14,12.83,120,48.25,7.7
149,ascending_triangle,6,17.79,20.59,113,70.67,11.5
149,descending_triangle,4,16.01,19.97,123,66.0,7.7
150,double_top,18,11.88,11.9,102,40.89,36.7
150,double_bottom,10,11.8,12.21,105,35.5,20.4
150,head_and_shoulders,4,18.14,21.95,99,50.0,8.2
150,inv_head_and_shoulders,6,13.47,13.52,113,49.5,12.2
150,ascending_triangle,6,17.2,20.55,104,68.33,12.2
150,descending_triangle,5,16.91,20.17,101,60.0,10.2
151,double_top,16,13.51,12.58,97,45.75,37.2
151,double_bottom,10,13.92,13.28,94,40.4,23.3
151,head_and_shoulders,3,25.98,22.04,92,47.0,7.0
151,inv_head_and_shoulders,7,16.42,14.8,98,44.57,16.3
151,ascending_triangle,7,15.91,20.62,94,80.86,16.3
151,descending_triangle,0,0.0,21.62,86,0.0,0.0
152,double_top,9,11.99,13.06,103,33.33,24.3
152,double_bottom,8,12.79,13.3,97,34.5,21.6
152,head_and_shoulders,5,20.29,21.41,95,55.8,13.5
152,inv_head_and_shoulders,7,14.89,14.66,106,47.43,18.9
152,ascending_triangle,3,20.75,19.74,93,66.67,8.1
152,descending_triangle,5,23.51,22.93,97,53.2,13.5
153,double_top,10,12.56,13.15,104,32.5,20.4
153,double_bottom,13,12.34,13.28,97,34.0,26.5
153,head_and_shoulders,3,15.57,21.72,99,52.33,6.1
153,inv_head_and_shoulders,8,16.15,15.33,102,40.75,16.3
153,ascending_triangle,8,20.57,19.36,95,55.75,16.3
153,descending_triangle,7,22.97,22.07,103,44.29,14.3
154,double_top,11,14.91,14.84,79,43.36,25.0
154,double_bottom,14,14.61,15.07,80,43.07,31.8
154,head_and_shoulders,4,21.62,21.19,79,55.0,9.1
154,inv_head_and_shoulders,8,18.22,15.84,83,56.88,18.2
154,ascending_triangle,3,12.99,20.16,70,106.67,6.8
154,descending_triangle,4,22.88,23.01,79,100.0,9.1
155,double_top,17,13.88,14.4,78,40.41,34.7
155,double_bottom,12,15.01,15.35,86,35.17,24.5
155,head_and_shoulders,2,17.95,22.16,77,56.0,4.1
155,inv_head_and_shoulders,8,16.29,15.81,87,57.38,16.3
155,ascending_triangle,4,24.94,19.8,75,65.0,8.2
155,descending_triangle,6,28.57,21.11,78,60.0,12.2
156,double_top,11,15.3,14.6,86,33.91,21.2
156,double_bottom,13,14.95,15.26,85,37.69,25.0
156,head_and_shoulders,4,21.12,22.93,81,44.25,7.7
156,inv_head_and_shoulders,8,17.96,15.98,93,47.75,15.4
156,ascending_triangle,5,23.8,19.95,75,56.8,9.6
156,descending_triangle,11,26.05,21.68,83,55.27,21.2
157,double_top,17,16.19,16.62,71,55.12,44.7
157,double_bottom,10,16.63,17.03,70,46.6,26.3
157,head_and_shoulders,1,18.14,24.19,68,61.0,2.6
157,inv_head_and_shoulders,5,20.06,18.33,67,64.2,13.2
157,ascending_triangle,4,20.02,21.42,55,106.0,10.5
157,descending_triangle,1,33.28,25.13,62,92.0,2.6
158,double_top,10,16.31,16.32,68,49.4,25.0
158,double_bottom,12,15.7,17.85,68,46.42,30.0
158,head_and_shoulders,3,25.0,20.93,71,51.0,7.5
158,inv_head_and_shoulders,8,19.31,18.83,74,48.88,20.0
158,ascending_triangle,4,19.29,20.63,58,81.0,10.0
158,descending_triangle,3,29.78,24.21,62,70.0,7.5
159,double_top,11,16.12,15.97,72,34.64,26.2
159,double_bottom,11,17.36,16.8,73,36.64,26.2
159,head_and_shoulders,3,27.08,20.97,67,54.67,7.1
159,inv_head_and_shoulders,4,18.88,17.4,77,50.5,9.5
159,ascending_triangle,5,20.24,22.67,61,80.4,11.9
159,descending_triangle,8,24.99,22.0,66,59.5,19.0
160,double_top,8,18.98,18.01,57,55.75,29.6
160,double_bottom,7,20.44,19.4,60,46.86,25.9
160,head_and_shoulders,2,27.71,24.87,55,56.5,7.4
160,inv_head_and_shoulders,6,21.7,19.33,60,51.83,22.2
160,ascending_triangle,3,16.52,23.24,49,108.67,11.1
160,descending_triangle,1,36.93,25.06,48,106.0,3.7
161,double_top,9,17.79,18.12,61,42.33,22.5
161,double_bottom,11,16.98,18.84,55,45.0,27.5
161,head_and_shoulders,5,28.39,25.19,62,60.0,12.5
161,inv_head_and_shoulders,6,21.96,18.4,60,62.5,15.0
161,ascending_triangle,6,15.38,24.02,50,98.33,15.0
161,descending_triangle,3,35.14,24.67,45,97.33,7.5
162,double_top,14,19.28,18.78,65,39.0,35.9
162,double_bottom,7,17.94,19.18,68,40.86,17.9
162,head_and_shoulders,3,26.33,23.83,64,46.67,7.7
162,inv_head_and_shoulders,6,22.68,19.35,64,51.67,15.4
162,ascending_triangle,7,17.28,23.03,54,100.29,17.9
162,descending_triangle,2,37.29,24.17,44,64.0,5.1
163,double_top,16,19.3,19.16,52,62.5,48.5
163,double_bottom,8,22.54,21.73,49,44.62,24.2
163,head_and_shoulders,1,16.61,24.47,49,61.0,3.0
163,inv_head_and_shoulders,5,24.61,20.43,51,71.4,15.2
163,ascending_triangle,2,21.96,24.72,42,120.0,6.1
163,descending_triangle,1,38.36,25.91,38,120.0,3.0
164,double_top,9,18.38,19.46,45,57.56,28.1
164,double_bottom,13,21.95,21.7,61,45.38,40.6
164,head_and_shoulders,3,18.98,24.76,53,59.67,9.4
164,inv_head_and_shoulders,3,21.43,21.09,56,62.67,9.4
164,ascending_triangle,4,24.39,25.34,41,105.0,12.5
164,descending_triangle,0,0.0,27.07,38,0.0,0.0
165,double_top,12,19.04,19.93,54,44.42,30.8
165,double_bottom,11,21.27,20.96,56,44.55,28.2
165,head_and_shoulders,3,20.79,24.8,52,60.0,7.7
165,inv_head_and_shoulders,7,22.32,20.99,62,57.71,17.9
165,ascending_triangle,3,28.0,23.41,40,88.0,7.7
165,descending_triangle,3,29.29,27.26,40,72.0,7.7
166,double_top,7,20.43,21.75,51,66.43,29.2
166,double_bottom,9,23.15,22.85,46,71.33,37.5
166,head_and_shoulders,2,32.67,27.41,43,60.5,8.3
166,inv_head_and_shoulders,6,24.06,22.31,49,87.33,25.0
166,ascending_triangle,0,0.0,22.15,35,0.0,0.0
166,descending_triangle,0,0.0,29.33,31,0.0,0.0
167,double_top,9,21.77,22.58,45,48.0,47.4
167,double_bottom,4,22.12,22.96,49,61.0,21.1
167,head_and_shoulders,3,27.65,27.44,45,63.67,15.8
167,inv_head_and_shoulders,2,21.96,21.47,48,64.0,10.5
167,ascending_triangle,0,0.0,23.95,33,0.0,0.0
167,descending_triangle,1,14.06,30.22,31,100.0,5.3
168,double_top,6,22.29,21.48,47,41.0,24.0
168,double_bottom,9,21.65,23.8,44,50.0,36.0
168,head_and_shoulders,4,31.31,27.53,49,55.25,16.0
168,inv_head_and_shoulders,4,24.24,22.13,42,52.5,16.0
168,ascending_triangle,1,15.71,24.68,35,80.0,4.0
168,descending_triangle,1,38.92,26.64,32,132.0,4.0
169,double_top,10,24.18,23.18,44,77.2,43.5
169,double_bottom,8,23.97,26.83,47,75.75,34.8
169,head_and_shoulders,2,36.28,32.46,36,70.0,8.7
169,inv_head_and_shoulders,3,25.56,24.75,41,64.33,13.0
169,ascending_triangle,0,0.0,25.4,27,0.0,0.0
169,descending_triangle,0,0.0,30.03,26,0.0,0.0
170,double_top,12,21.6,23.15,41,63.42,60.0
170,double_bottom,3,25.89,25.52,43,55.0,15.0
170,head_and_shoulders,1,39.5,31.79,39,65.0,5.0
170,inv_head_and_shoulders,3,23.27,23.53,39,65.33,15.0
170,ascending_triangle,1,30.17,25.4,29,110.0,5.0
170,descending_triangle,0,0.0,30.37,28,0.0,0.0
171,double_top,11,25.44,24.22,50,48.45,35.5
171,double_bottom,11,24.69,26.1,47,46.27,35.5
171,head_and_shoulders,4,26.0,30.55,43,57.75,12.9
171,inv_head_and_shoulders,5,25.09,22.46,45,53.4,16.1
171,ascending_triangle,0,0.0,26.1,30,0.0,0.0
171,descending_triangle,0,0.0,28.04,28,0.0,0.0
172,double_top,5,23.7,25.66,36,79.6,20.8
172,double_bottom,13,26.72,26.92,39,87.15,54.2
172,head_and_shoulders,1,37.48,29.96,33,67.0,4.2
172,inv_head_and_shoulders,3,25.72,24.62,39,54.0,12.5
172,ascending_triangle,2,27.96,28.16,24,160.0,8.3
172,descending_triangle,0,0.0,30.88,22,0.0,0.0
173,double_top,14,25.3,26.32,44,65.07,58.3
173,double_bottom,5,25.28,28.66,37,50.6,20.8
173,head_and_shoulders,1,24.26,30.07,38,71.0,4.2
173,inv_head_and_shoulders,2,24.03,26.31,39,62.0,8.3
173,ascending_triangle,1,17.07,25.53,23,120.0,4.2
173,descending_triangle,1,37.81,29.05,22,115.0,4.2
174,double_top,5,28.12,23.9,36,55.0,26.3
174,double_bottom,6,27.33,27.79,36,46.0,31.6
174,head_and_shoulders,1,24.26,30.0,36,71.0,5.3
174,inv_head_and_shoulders,6,26.83,25.51,41,70.17,31.6
174,ascending_triangle,0,0.0,24.22,27,0.0,0.0
174,descending_triangle,1,37.81,29.81,23,115.0,5.3
175,double_top,10,26.1,26.7,35,86.6,55.6
175,double_bottom,5,28.14,29.63,28,80.6,27.8
175,head_and_shoulders,0,0.0,30.47,28,0.0,0.0
175,inv_head_and_shoulders,3,29.48,26.68,31,75.67,16.7
175,ascending_triangle,0,0.0,27.12,21,0.0,0.0
175,descending_triangle,0,0.0,33.33,17,0.0,0.0
176,double_top,8,24.9,26.7,34,64.62,40.0
176,double_bottom,9,28.65,29.76,40,76.56,45.0
176,head_and_shoulders,1,21.41,28.42,32,49.0,5.0
176,inv_head_and_shoulders,2,30.15,26.06,32,64.0,10.0
176,ascending_triangle,0,0.0,27.08,27,0.0,0.0
176,descending_triangle,0,0.0,31.54,20,0.0,0.0
177,double_top,9,26.37,27.55,35,44.33,36.0
177,double_bottom,9,28.95,30.07,35,56.11,36.0
177,head_and_shoulders,0,0.0,28.38,33,0.0,0.0
177,inv_head_and_shoulders,6,26.6,25.23,32,66.17,24.0
177,ascending_triangle,1,16.75,26.15,28,104.0,4.0
177,descending_triangle,0,0.0,31.54,19,0.0,0.0
178,double_top,6,27.97,28.42,31,100.5,40.0
178,double_bottom,7,31.7,31.76,32,93.14,46.7
178,head_and_shoulders,0,0.0,27.74,25,0.0,0.0
178,inv_head_and_shoulders,2,34.16,28.37,29,125.0,13.3
178,ascending_triangle,0,0.0,29.46,21,0.0,0.0
178,descending_triangle,0,0.0,31.78,14,0.0,0.0
179,double_top,4,27.48,28.77,32,80.0,30.8
179,double_bottom,4,32.28,32.16,31,80.25,30.8
179,head_and_shoulders,0,0.0,27.94,23,0.0,0.0
179,inv_head_and_shoulders,3,27.79,25.82,32,71.67,23.1
179,ascending_triangle,0,0.0,29.12,22,0.0,0.0
179,descending_triangle,2,30.33,31.7,18,140.0,15.4
180,double_top,5,27.3,27.97,33,47.2,35.7
180,double_bottom,3,30.5,31.56,31,74.0,21.4
180,head_and_shoulders,0,0.0,28.57,28,0.0,0.0
180,inv_head_and_shoulders,2,32.95,26.81,28,60.0,14.3
180,ascending_triangle,2,35.91,28.47,20,112.0,14.3
180,descending_triangle,2,30.14,31.51,19,126.0,14.3
181,double_top,4,26.41,30.09,30,90.25,30.8
181,double_bottom,6,31.83,34.19,27,137.0,46.2
181,head_and_shoulders,0,0.0,29.69,20,0.0,0.0
181,inv_head_and_shoulders,2,34.07,29.15,27,93.5,15.4
181,ascending_triangle,1,33.97,34.89,20,200.0,7.7
181,descending_triangle,0,0.0,35.22,13,0.0,0.0
182,double_top,8,30.15,30.98,31,87.25,47.1
182,double_bottom,4,30.22,34.85,27,78.75,23.5
182,head_and_shoulders,0,0.0,29.52,21,0.0,0.0
182,inv_head_and_shoulders,4,28.22,28.44,30,70.75,23.5
182,ascending_triangle,1,33.97,34.87,21,150.0,5.9
182,descending_triangle,0,0.0,35.0,13,0.0,0.0
183,double_top,12,29.98,30.39,39,68.58,60.0
183,double_bottom,2,25.27,33.62,27,65.0,10.0
183,head_and_shoulders,1,26.78,28.75,25,56.0,5.0
183,inv_head_and_shoulders,5,28.23,29.03,29,68.2,25.0
183,ascending_triangle,0,0.0,34.35,21,0.0,0.0
183,descending_triangle,0,0.0,36.63,13,0.0,0.0
184,double_top,5,33.92,33.54,23,107.6,50.0
184,double_bottom,3,33.44,36.93,19,130.33,30.0
184,head_and_shoulders,1,36.06,29.26,18,109.0,10.0
184,inv_head_and_shoulders,0,0.0,34.45,20,0.0,0.0
184,ascending_triangle,1,23.6,35.03,17,226.0,10.0
184,descending_triangle,0,0.0,31.77,10,0.0,0.0
185,double_top,6,32.54,33.66,29,82.83,40.0
185,double_bottom,4,33.48,36.34,21,115.0,26.7
185,head_and_shoulders,1,35.78,29.18,18,76.0,6.7
185,inv_head_and_shoulders,2,33.65,31.26,23,88.5,13.3
185,ascending_triangle,2,27.48,34.99,17,198.0,13.3
185,descending_triangle,0,0.0,31.46,11,0.0,0.0
186,double_top,5,30.31,32.73,30,84.8,50.0
186,double_bottom,3,33.82,36.85,21,70.0,30.0
186,head_and_shoulders,1,35.2,28.9,18,70.0,10.0
186,inv_head_and_shoulders,1,38.02,33.63,25,62.0,10.0
186,ascending_triangle,0,0.0,34.93,17,0.0,0.0
186,descending_triangle,0,0.0,31.46,12,0.0,0.0
187,double_top,6,33.75,37.18,23,97.83,35.3
187,double_bottom,4,34.67,37.96,12,108.5,23.5
187,head_and_shoulders,0,0.0,29.86,16,0.0,0.0
187,inv_head_and_shoulders,3,34.62,35.97,15,116.67,17.6
187,ascending_triangle,4,35.34,37.58,13,198.75,23.5
187,descending_triangle,0,0.0,32.48,9,0.0,0.0
188,double_top,5,35.54,37.2,24,83.6,38.5
188,double_bottom,3,34.14,38.27,15,91.0,23.1
188,head_and_shoulders,0,0.0,31.07,17,0.0,0.0
188,inv_head_and_shoulders,2,34.1,34.92,17,110.5,15.4
188,ascending_triangle,3,34.18,37.6,13,195.33,23.1
188,descending_triangle,0,0.0,32.48,9,0.0,0.0
189,double_top,3,32.43,38.35,20,93.33,37.5
189,double_bottom,2,36.04,36.69,10,144.0,25.0
189,head_and_shoulders,0,0.0,33.02,14,0.0,0.0
189,inv_head_and_shoulders,3,35.85,34.94,12,90.33,37.5
189,ascending_triangle,0,0.0,36.14,12,0.0,0.0
189,descending_triangle,0,0.0,31.97,9,0.0,0.0
190,double_top,3,35.96,38.35,23,87.67,42.9
190,double_bottom,2,36.89,36.66,11,114.0,28.6
190,head_and_shoulders,0,0.0,32.99,14,0.0,0.0
190,inv_head_and_shoulders,2,34.56,33.8,16,81.5,28.6
190,ascending_triangle,0,0.0,36.15,12,0.0,0.0
190,descending_triangle,0,0.0,31.97,9,0.0,0.0
191,double_top,2,39.63,27.69,9,109.5,66.7
191,double_bottom,1,39.96,38.82,9,123.0,33.3
191,head_and_shoulders,0,0.0,34.49,9,0.0,0.0
191,inv_head_and_shoulders,0,0.0,35.74,12,0.0,0.0
191,ascending_triangle,0,0.0,18.24,7,0.0,0.0
191,descending_triangle,0,0.0,30.99,8,0.0,0.0
192,double_top,2,38.98,27.63,9,105.5,25.0
192,double_bottom,4,39.11,38.82,10,85.5,50.0
192,head_and_shoulders,0,0.0,34.49,9,0.0,0.0
192,inv_head_and_shoulders,1,36.48,35.42,13,99.0,12.5
192,ascending_triangle,1,36.84,18.24,7,180.0,12.5
192,descending_triangle,0,0.0,30.99,8,0.0,0.0
193,double_top,0,0.0,39.59,1,0.0,0.0
193,double_bottom,2,38.91,25.7,4,153.0,100.0
193,head_and_shoulders,0,0.0,0.92,4,0.0,0.0
193,inv_head_and_shoulders,0,0.0,37.41,10,0.0,0.0
193,ascending_triangle,0,0.0,4.27,3,0.0,0.0
193,descending_triangle,0,0.0,33.76,6,0.0,0.0
194,double_top,0,0.0,39.59,1,0.0,0.0
194,double_bottom,2,38.91,25.7,4,153.0,66.7
194,head_and_shoulders,0,0.0,0.92,4,0.0,0.0
194,inv_head_and_shoulders,1,38.62,36.81,11,64.0,33.3
194,ascending_triangle,0,0.0,4.27,3,0.0,0.0
194,descending_triangle,0,0.0,33.76,6,0.0,0.0
195,double_top,20,11.56,12.87,214,36.3,19.6
195,double_bottom,26,12.82,12.82,200,36.46,25.5
195,head_and_shoulders,11,19.01,21.66,223,53.55,10.8
195,inv_head_and_shoulders,15,14.3,14.73,210,47.87,14.7
195,ascending_triangle,13,19.48,22.01,196,63.85,12.7
195,descending_triangle,17,20.22,20.64,201,58.59,16.7
196,double_top,18,12.78,13.09,217,33.5,17.6
196,double_bottom,29,13.06,12.96,225,33.45,28.4
196,head_and_shoulders,10,19.88,22.24,212,51.1,9.8
196,inv_head_and_shoulders,16,14.39,14.88,219,39.31,15.7
196,ascending_triangle,18,20.53,20.34,194,60.44,17.6
196,descending_triangle,11,21.7,21.05,210,46.0,10.8
197,double_top,12,12.49,13.05,232,27.17,14.1
197,double_bottom,21,12.72,12.74,242,27.33,24.7
197,head_and_shoulders,10,19.88,21.85,214,51.9,11.8
197,inv_head_and_shoulders,11,14.75,14.75,228,40.55,12.9
197,ascending_triangle,13,18.47,20.7,202,62.31,15.3
197,descending_triangle,18,24.7,21.31,215,43.89,21.2
198,double_top,23,13.94,15.03,176,37.83,21.9
198,double_bottom,37,15.27,14.72,180,38.7,35.2
198,head_and_shoulders,10,27.9,22.73,172,54.4,9.5
198,inv_head_and_shoulders,15,14.48,16.22,179,52.93,14.3
198,ascending_triangle,10,20.15,21.4,159,84.1,9.5
198,descending_triangle,10,20.14,21.47,165,74.0,9.5
199,double_top,20,13.32,15.17,188,32.75,22.0
199,double_bottom,29,15.72,14.8,187,34.21,31.9
199,head_and_shoulders,12,24.74,23.04,180,54.0,13.2
199,inv_head_and_shoulders,10,15.11,16.16,178,44.3,11.0
199,ascending_triangle,11,19.03,21.3,163,64.36,12.1
199,descending_triangle,9,19.47,19.76,170,66.22,9.9
200,double_top,17,13.3,14.54,184,29.82,20.5
200,double_bottom,21,15.04,14.88,186,33.14,25.3
200,head_and_shoulders,11,25.34,23.39,181,51.0,13.3
200,inv_head_and_shoulders,11,16.83,16.17,195,40.55,13.3
200,ascending_triangle,10,20.19,21.72,167,66.8,12.0
200,descending_triangle,13,23.18,20.11,171,54.77,15.7
201,double_top,16,16.52,16.94,151,37.69,20.5
201,double_bottom,26,16.13,16.77,150,43.69,33.3
201,head_and_shoulders,6,26.61,23.32,143,58.17,7.7
201,inv_head_and_shoulders,15,18.27,17.28,150,50.6,19.2
201,ascending_triangle,8,25.58,23.71,134,89.25,10.3
201,descending_triangle,7,20.45,23.51,125,73.14,9.0
202,double_top,18,15.69,16.74,147,36.28,20.2
202,double_bottom,24,16.76,16.39,143,40.25,27.0
202,head_and_shoulders,10,22.43,23.74,146,51.1,11.2
202,inv_head_and_shoulders,16,20.14,17.22,155,47.25,18.0
202,ascending_triangle,8,24.78,22.23,129,84.75,9.0
202,descending_triangle,13,26.05,21.85,136,63.69,14.6
203,double_top,30,15.74,16.79,161,33.8,30.6
203,double_bottom,19,16.56,16.35,152,34.32,19.4
203,head_and_shoulders,11,21.77,23.83,158,49.64,11.2
203,inv_head_and_shoulders,14,18.63,17.57,154,52.0,14.3
203,ascending_triangle,10,26.52,24.37,130,82.8,10.2
203,descending_triangle,14,25.03,22.37,142,54.43,14.3
204,double_top,26,17.84,18.27,139,50.62,28.0
204,double_bottom,27,18.73,18.25,129,46.96,29.0
204,head_and_shoulders,8,29.5,27.09,133,57.62,8.6
204,inv_head_and_shoulders,14,20.87,19.1,134,58.21,15.1
204,ascending_triangle,13,18.14,23.67,110,84.23,14.0
204,descending_triangle,5,20.12,22.47,104,85.2,5.4
205,double_top,23,18.61,18.71,131,41.43,25.0
205,double_bottom,26,18.46,18.38,135,42.77,28.3
205,head_and_shoulders,9,28.59,25.11,141,48.11,9.8
205,inv_head_and_shoulders,21,20.21,18.85,141,50.86,22.8
205,ascending_triangle,5,17.55,22.91,122,70.4,5.4
205,descending_triangle,8,19.9,21.84,111,73.25,8.7
206,double_top,14,20.62,18.37,144,35.14,18.4
206,double_bottom,22,17.5,17.91,140,32.32,28.9
206,head_and_shoulders,10,26.6,26.2,147,50.8,13.2
206,inv_head_and_shoulders,12,20.02,18.86,135,49.58,15.8
206,ascending_triangle,6,20.8,24.43,119,62.67,7.9
206,descending_triangle,12,20.91,22.77,111,65.33,15.8
207,double_top,18,18.87,20.5,116,48.67,20.5
207,double_bottom,29,20.88,20.93,115,54.52,33.0
207,head_and_shoulders,11,30.33,27.71,120,56.91,12.5
207,inv_head_and_shoulders,16,21.33,20.99,114,61.38,18.2
207,ascending_triangle,7,17.76,25.64,99,111.43,8.0
207,descending_triangle,7,28.57,26.4,80,90.0,8.0
208,double_top,21,19.72,20.72,121,46.62,26.6
208,double_bottom,22,19.94,20.82,121,44.27,27.8
208,head_and_shoulders,9,29.88,26.87,126,58.0,11.4
208,inv_head_and_shoulders,16,21.39,20.57,126,58.44,20.3
208,ascending_triangle,4,21.54,24.23,99,72.0,5.1
208,descending_triangle,7,25.96,25.85,83,77.14,8.9
209,double_top,16,18.75,20.14,118,39.12,21.3
209,double_bottom,24,20.11,19.9,118,42.33,32.0
209,head_and_shoulders,11,26.0,27.14,129,50.73,14.7
209,inv_head_and_shoulders,14,20.21,20.97,124,52.86,18.7
209,ascending_triangle,7,19.8,25.77,101,73.71,9.3
209,descending_triangle,3,22.08,24.96,84,70.0,4.0
210,double_top,17,21.12,21.96,107,49.82,26.6
210,double_bottom,23,23.64,22.88,100,47.74,35.9
210,head_and_shoulders,4,26.89,29.26,99,62.25,6.2
210,inv_head_and_shoulders,11,21.54,21.81,103,66.18,17.2
210,ascending_triangle,4,18.72,25.73,85,108.0,6.2
210,descending_triangle,5,25.93,25.66,65,112.8,7.8
211,double_top,21,20.55,22.29,116,49.43,26.6
211,double_bottom,22,22.47,22.28,104,47.0,27.8
211,head_and_shoulders,6,30.84,28.54,109,60.33,7.6
211,inv_head_and_shoulders,17,24.24,22.29,105,61.71,21.5
211,ascending_triangle,5,22.37,26.85,83,88.0,6.3
211,descending_triangle,8,20.11,26.8,73,89.0,10.1
212,double_top,15,21.22,21.42,108,44.4,19.7
212,double_bottom,21,21.87,22.31,114,44.19,27.6
212,head_and_shoulders,9,29.71,28.66,103,53.11,11.8
212,inv_head_and_shoulders,17,23.69,21.99,106,52.29,22.4
212,ascending_triangle,7,23.68,25.06,87,84.57,9.2
212,descending_triangle,7,27.58,24.03,71,68.0,9.2
213,double_top,17,23.3,23.13,93,64.88,30.4
213,double_bottom,19,24.28,25.29,94,61.0,33.9
213,head_and_shoulders,6,28.86,30.78,89,61.83,10.7
213,inv_head_and_shoulders,10,25.34,22.92,94,57.8,17.9
213,ascending_triangle,3,35.33,25.29,68,122.0,5.4
213,descending_triangle,1,20.19,26.47,59,110.0,1.8
214,double_top,16,23.13,24.13,100,51.69,21.9
214,double_bottom,27,25.06,24.99,103,48.96,37.0
214,head_and_shoulders,6,23.63,29.46,94,57.33,8.2
214,inv_head_and_shoulders,12,24.15,22.72,104,54.58,16.4
214,ascending_triangle,5,24.38,24.24,77,108.4,6.8
214,descending_triangle,7,24.22,23.78,58,97.43,9.6
215,double_top,18,21.56,23.96,104,43.33,24.3
215,double_bottom,19,22.74,24.99,97,44.84,25.7
215,head_and_shoulders,8,27.39,29.22,100,55.5,10.8
215,inv_head_and_shoulders,16,25.56,23.79,106,54.38,21.6
215,ascending_triangle,7,22.13,24.38,80,93.71,9.5
215,descending_triangle,6,23.34,25.13,57,80.0,8.1
216,double_top,20,26.48,25.64,85,69.15,38.5
216,double_bottom,12,26.54,26.15,84,65.75,23.1
216,head_and_shoulders,4,29.74,29.69,80,83.0,7.7
216,inv_head_and_shoulders,12,26.56,24.2,82,67.0,23.1
216,ascending_triangle,1,34.33,27.99,67,120.0,1.9
216,descending_triangle,3,28.0,25.22,48,118.67,5.8
217,double_top,9,24.33,25.4,87,47.22,14.5
217,double_bottom,20,25.12,26.87,84,56.35,32.3
217,head_and_shoulders,8,29.15,29.15,82,60.0,12.9
217,inv_head_and_shoulders,14,25.73,23.91,87,65.07,22.6
217,ascending_triangle,7,22.09,27.72,71,105.14,11.3
217,descending_triangle,4,17.73,26.94,48,108.0,6.5
218,double_top,16,24.86,25.36,99,45.25,22.9
218,double_bottom,23,25.06,25.43,87,46.96,32.9
218,head_and_shoulders,4,33.95,29.0,81,54.0,5.7
218,inv_head_and_shoulders,15,25.86,24.63,89,58.4,21.4
218,ascending_triangle,7,23.79,27.42,70,94.86,10.0
218,descending_triangle,5,15.91,22.55,52,94.4,7.1
219,double_top,14,27.67,26.43,77,72.14,25.5
219,double_bottom,19,28.36,27.66,72,54.95,34.5
219,head_and_shoulders,4,29.33,31.89,71,77.5,7.3
219,inv_head_and_shoulders,10,27.46,25.92,72,70.4,18.2
219,ascending_triangle,3,23.68,27.7,57,144.0,5.5
219,descending_triangle,5,21.56,26.3,41,146.8,9.1
220,double_top,13,24.71,26.97,82,54.62,30.2
220,double_bottom,18,29.35,26.72,71,59.17,41.9
220,head_and_shoulders,5,25.48,31.55,74,62.6,11.6
220,inv_head_and_shoulders,6,28.58,25.18,79,54.17,14.0
220,ascending_triangle,0,0.0,26.61,62,0.0,0.0
220,descending_triangle,1,11.96,25.58,44,130.0,2.3
221,double_top,11,28.32,26.29,87,51.73,19.0
221,double_bottom,23,26.62,26.17,81,52.7,39.7
221,head_and_shoulders,5,29.32,31.21,80,57.6,8.6
221,inv_head_and_shoulders,12,27.86,25.28,79,59.58,20.7
221,ascending_triangle,2,24.52,26.8,64,108.0,3.4
221,descending_triangle,5,26.35,24.21,45,93.2,8.6
222,double_top,9,26.11,27.19,68,76.44,26.5
222,double_bottom,10,28.64,29.82,63,72.6,29.4
222,head_and_shoulders,2,28.96,33.58,67,80.0,5.9
222,inv_head_and_shoulders,8,28.18,26.51,67,71.5,23.5
222,ascending_triangle,2,27.7,28.85,52,163.0,5.9
222,descending_triangle,3,14.04,27.35,40,155.33,8.8
223,double_top,12,26.28,27.73,73,68.25,27.9
223,double_bottom,16,31.5,29.31,67,55.31,37.2
223,head_and_shoulders,3,26.97,32.02,71,60.33,7.0
223,inv_head_and_shoulders,8,29.86,25.96,69,55.12,18.6
223,ascending_triangle,3,28.05,29.8,56,121.33,7.0
223,descending_triangle,1,33.26,27.0,35,112.0,2.3
224,double_top,13,29.94,27.31,75,49.0,21.0
224,double_bottom,19,27.31,28.36,76,50.89,30.6
224,head_and_shoulders,6,33.84,32.74,71,60.67,9.7
224,inv_head_and_shoulders,14,29.06,26.26,78,61.0,22.6
224,ascending_triangle,6,26.99,28.15,58,102.0,9.7
224,descending_triangle,4,27.86,25.68,40,90.5,6.5
225,double_top,7,30.41,29.94,63,69.0,21.9
225,double_bottom,10,31.65,30.81,62,68.0,31.2
225,head_and_shoulders,3,25.95,34.01,63,71.33,9.4
225,inv_head_and_shoulders,8,31.36,27.25,61,64.38,25.0
225,ascending_triangle,1,29.79,31.34,48,150.0,3.1
225,descending_triangle,3,24.37,28.78,33,150.0,9.4
226,double_top,12,28.78,29.54,65,68.58,34.3
226,double_bottom,9,30.8,30.15,66,63.11,25.7
226,head_and_shoulders,1,28.66,34.18,63,67.0,2.9
226,inv_head_and_shoulders,10,31.77,27.53,58,70.4,28.6
226,ascending_triangle,2,26.86,30.9,48,135.0,5.7
226,descending_triangle,1,13.7,29.09,33,120.0,2.9
227,double_top,9,32.95,29.4,69,62.11,20.5
227,double_bottom,15,31.53,29.68,69,62.53,34.1
227,head_and_shoulders,2,28.71,34.1,63,56.0,4.5
227,inv_head_and_shoulders,9,28.03,27.08,66,61.78,20.5
227,ascending_triangle,5,19.92,30.22,54,114.0,11.4
227,descending_triangle,4,21.28,26.95,32,110.0,9.1
228,double_top,9,30.43,32.04,56,78.0,27.3
228,double_bottom,12,32.89,32.15,51,102.08,36.4
228,head_and_shoulders,1,35.28,32.5,41,72.0,3.0
228,inv_head_and_shoulders,8,32.72,28.54,58,92.0,24.2
228,ascending_triangle,2,29.33,31.4,41,198.0,6.1
228,descending_triangle,1,22.67,28.96,20,170.0,3.0
229,double_top,10,31.83,32.57,59,64.9,29.4
229,double_bottom,12,33.79,32.62,52,74.58,35.3
229,head_and_shoulders,3,32.85,32.74,44,75.33,8.8
229,inv_head_and_shoulders,7,32.72,28.86,57,69.71,20.6
229,ascending_triangle,1,18.26,32.56,41,170.0,2.9
229,descending_triangle,1,15.47,28.67,26,136.0,2.9
230,double_top,9,34.75,32.07,55,65.56,20.9
230,double_bottom,13,34.42,31.98,54,61.69,30.2
230,head_and_shoulders,4,34.21,33.66,44,70.25,9.3
230,inv_head_and_shoulders,12,32.18,29.18,59,68.75,27.9
230,ascending_triangle,5,28.9,31.65,40,133.2,11.6
230,descending_triangle,0,0.0,27.2,26,0.0,0.0
231,double_top,11,34.72,34.27,44,86.18,42.3
231,double_bottom,8,33.67,34.83,39,107.12,30.8
231,head_and_shoulders,1,33.37,33.06,38,80.0,3.8
231,inv_head_and_shoulders,4,35.23,31.47,44,68.75,15.4
231,ascending_triangle,2,36.16,34.66,39,190.0,7.7
231,descending_triangle,0,0.0,29.6,20,0.0,0.0
232,double_top,8,35.45,35.32,45,79.0,30.8
232,double_bottom,5,32.25,34.73,40,79.2,19.2
232,head_and_shoulders,1,33.37,33.04,37,80.0,3.8
232,inv_head_and_shoulders,6,35.87,31.21,48,74.67,23.1
232,ascending_triangle,5,27.91,33.41,39,187.2,19.2
232,descending_triangle,1,16.58,30.78,20,152.0,3.8
233,double_top,10,33.34,33.88,49,62.2,30.3
233,double_bottom,11,35.49,34.72,43,75.0,33.3
233,head_and_shoulders,3,35.49,31.67,39,78.67,9.1
233,inv_head_and_shoulders,6,30.93,30.79,52,68.83,18.2
233,ascending_triangle,2,28.92,33.73,43,139.0,6.1
233,descending_triangle,1,39.87,31.79,19,152.0,3.0
234,double_top,8,36.53,35.02,40,102.5,34.8
234,double_bottom,8,34.77,34.49,35,98.25,34.8
234,head_and_shoulders,1,35.72,32.61,31,110.0,4.3
234,inv_head_and_shoulders,6,36.52,32.46,41,99.17,26.1
234,ascending_triangle,0,0.0,33.93,35,0.0,0.0
234,descending_triangle,0,0.0,29.46,19,0.0,0.0
235,double_top,7,36.34,35.25,41,77.71,36.8
235,double_bottom,5,34.75,35.0,30,97.4,26.3
235,head_and_shoulders,2,36.51,32.74,32,83.5,10.5
235,inv_head_and_shoulders,5,31.86,32.31,42,65.8,26.3
235,ascending_triangle,0,0.0,33.08,39,0.0,0.0
235,descending_triangle,0,0.0,29.91,21,0.0,0.0
236,double_top,9,32.55,34.26,46,72.89,33.3
236,double_bottom,7,34.95,33.79,33,72.0,25.9
236,head_and_shoulders,2,32.78,32.86,35,70.0,7.4
236,inv_head_and_shoulders,6,33.7,32.53,44,76.67,22.2
236,ascending_triangle,2,39.76,34.24,36,132.0,7.4
236,descending_triangle,1,16.47,30.59,22,132.0,3.7
237,double_top,3,38.64,35.84,31,132.33,23.1
237,double_bottom,6,38.41,34.98,25,116.33,46.2
237,head_and_shoulders,0,0.0,34.49,24,0.0,0.0
237,inv_head_and_shoulders,4,38.24,34.78,35,81.0,30.8
237,ascending_triangle,0,0.0,33.64,29,0.0,0.0
237,descending_triangle,0,0.0,29.04,17,0.0,0.0
238,double_top,5,36.82,36.16,35,91.4,27.8
238,double_bottom,8,36.99,35.07,28,86.5,44.4
238,head_and_shoulders,0,0.0,34.49,23,0.0,0.0
238,inv_head_and_shoulders,2,37.99,34.35,33,73.5,11.1
238,ascending_triangle,1,39.46,33.96,31,180.0,5.6
238,descending_triangle,2,23.13,28.03,16,180.0,11.1
239,double_top,6,37.25,35.22,31,66.17,37.5
239,double_bottom,5,36.75,34.56,26,83.2,31.2
239,head_and_shoulders,0,0.0,34.08,25,0.0,0.0
239,inv_head_and_shoulders,4,35.78,34.13,35,76.75,25.0
239,ascending_triangle,0,0.0,34.24,30,0.0,0.0
239,descending_triangle,1,17.75,28.84,17,150.0,6.2
240,double_top,2,38.06,38.46,20,119.5,28.6
240,double_bottom,2,38.25,35.93,13,131.0,28.6
240,head_and_shoulders,0,0.0,31.29,21,0.0,0.0
240,inv_head_and_shoulders,2,33.91,34.68,27,92.5,28.6
240,ascending_triangle,0,0.0,33.74,25,0.0,0.0
240,descending_triangle,1,39.41,33.81,14,250.0,14.3
241,double_top,1,38.02,38.94,18,70.0,8.3
241,double_bottom,5,36.68,36.67,15,110.8,41.7
241,head_and_shoulders,0,0.0,31.93,22,0.0,0.0
241,inv_head_and_shoulders,6,34.43,35.71,35,91.5,50.0
241,ascending_triangle,0,0.0,33.97,24,0.0,0.0
241,descending_triangle,0,0.0,33.63,12,0.0,0.0
242,double_top,4,37.34,38.4,19,74.25,36.4
242,double_bottom,3,39.0,36.59,15,102.0,27.3
242,head_and_shoulders,0,0.0,35.0,21,0.0,0.0
242,inv_head_and_shoulders,4,36.59,34.8,34,73.25,36.4
242,ascending_triangle,0,0.0,33.97,25,0.0,0.0
242,descending_triangle,0,0.0,33.68,13,0.0,0.0
243,double_top,31,15.6,16.03,194,40.52,24.0
243,double_bottom,40,16.76,17.24,197,41.82,31.0
243,head_and_shoulders,12,24.36,24.08,198,55.58,9.3
243,inv_head_and_shoulders,23,18.98,17.56,204,53.78,17.8
243,ascending_triangle,13,22.02,21.21,190,83.54,10.1
243,descending_triangle,10,25.38,25.53,176,74.0,7.8
244,double_top,23,15.86,16.57,205,34.39,18.5
244,double_bottom,36,16.79,17.13,210,38.67,29.0
244,head_and_shoulders,14,25.13,23.74,203,52.5,11.3
244,inv_head_and_shoulders,19,18.27,18.04,201,48.11,15.3
244,ascending_triangle,17,18.35,21.49,187,77.29,13.7
244,descending_triangle,15,29.54,25.19,181,63.47,12.1
245,double_top,29,16.0,15.98,214,35.14,25.4
245,double_bottom,31,17.8,17.4,225,34.29,27.2
245,head_and_shoulders,12,23.41,24.28,214,52.5,10.5
245,inv_head_and_shoulders,16,18.98,17.64,215,42.5,14.0
245,ascending_triangle,14,22.92,20.49,190,78.57,12.3
245,descending_triangle,12,26.18,25.12,187,56.33,10.5
246,double_top,29,16.79,18.18,175,44.83,24.6
246,double_bottom,33,19.6,18.81,181,49.97,28.0
246,head_and_shoulders,13,26.67,25.66,180,60.23,11.0
246,inv_head_and_shoulders,21,20.47,19.89,184,60.19,17.8
246,ascending_triangle,12,17.38,21.74,156,95.58,10.2
246,descending_triangle,10,20.86,24.55,129,93.0,8.5
247,double_top,26,17.99,18.11,177,40.92,22.0
247,double_bottom,37,19.62,18.96,186,44.0,31.4
247,head_and_shoulders,13,25.37,25.57,179,52.31,11.0
247,inv_head_and_shoulders,16,20.14,19.86,185,54.5,13.6
247,ascending_triangle,12,16.47,21.93,163,70.17,10.2
247,descending_triangle,14,27.11,24.95,138,71.57,11.9
248,double_top,20,18.86,18.23,184,36.0,18.3
248,double_bottom,28,19.1,19.13,196,39.32,25.7
248,head_and_shoulders,15,24.32,25.84,201,52.73,13.8
248,inv_head_and_shoulders,16,20.4,19.71,188,46.56,14.7
248,ascending_triangle,12,19.81,21.75,166,81.0,11.0
248,descending_triangle,18,28.51,25.29,136,69.22,16.5
249,double_top,23,18.59,19.42,151,49.35,23.7
249,double_bottom,33,21.35,21.35,163,46.94,34.0
249,head_and_shoulders,9,28.49,27.73,155,55.78,9.3
249,inv_head_and_shoulders,14,20.92,21.25,157,60.5,14.4
249,ascending_triangle,12,19.7,23.04,136,102.5,12.4
249,descending_triangle,6,21.09,27.09,97,95.0,6.2
250,double_top,22,19.21,19.54,156,45.45,22.9
250,double_bottom,29,20.16,20.73,162,43.59,30.2
250,head_and_shoulders,12,31.62,27.13,159,50.42,12.5
250,inv_head_and_shoulders,15,21.43,20.74,159,53.67,15.6
250,ascending_triangle,10,19.09,22.37,139,90.0,10.4
250,descending_triangle,8,24.94,26.69,106,72.0,8.3
251,double_top,28,19.3,19.63,162,39.79,23.7
251,double_bottom,33,21.63,21.39,166,41.3,28.0
251,head_and_shoulders,16,28.27,26.89,168,54.0,13.6
251,inv_head_and_shoulders,17,21.03,21.21,168,52.12,14.4
251,ascending_triangle,15,17.93,22.04,143,83.6,12.7
251,descending_triangle,9,29.21,26.08,104,64.0,7.6
252,double_top,25,20.1,21.37,146,52.84,29.4
252,double_bottom,29,23.29,23.33,135,53.0,34.1
252,head_and_shoulders,9,29.92,28.79,132,63.67,10.6
252,inv_head_and_shoulders,13,23.08,22.43,142,60.23,15.3
252,ascending_triangle,7,17.22,23.04,124,109.14,8.2
252,descending_triangle,2,37.03,28.51,79,116.0,2.4
253,double_top,24,20.13,21.5,149,46.17,22.6
253,double_bottom,37,23.11,22.78,147,50.24,34.9
253,head_and_shoulders,9,31.14,28.79,144,56.33,8.5
253,inv_head_and_shoulders,18,23.65,22.5,141,56.5,17.0
253,ascending_triangle,12,21.8,23.23,132,92.67,11.3
253,descending_triangle,6,25.02,27.5,87,86.67,5.7
254,double_top,23,20.16,21.31,148,39.43,21.7
254,double_bottom,33,22.72,23.33,158,45.12,31.1
254,head_and_shoulders,8,26.77,27.66,130,50.62,7.5
254,inv_head_and_shoulders,18,22.73,22.44,151,51.83,17.0
254,ascending_triangle,13,19.22,22.33,129,72.92,12.3
254,descending_triangle,11,25.72,27.15,87,76.0,10.4
255,double_top,19,21.6,22.49,122,57.79,24.4
255,double_bottom,26,25.46,25.4,124,52.69,33.3
255,head_and_shoulders,8,32.13,28.66,121,74.5,10.3
255,inv_head_and_shoulders,13,25.41,25.06,130,62.92,16.7
255,ascending_triangle,11,19.85,24.02,107,129.64,14.1
255,descending_triangle,1,35.04,26.78,66,108.0,1.3
256,double_top,27,21.75,21.49,128,51.59,29.7
256,double_bottom,28,25.61,24.39,137,51.11,30.8
256,head_and_shoulders,8,25.92,29.32,126,69.25,8.8
256,inv_head_and_shoulders,14,23.92,24.2,132,56.0,15.4
256,ascending_triangle,12,19.62,23.59,118,108.0,13.2
256,descending_triangle,2,15.38,27.07,61,88.0,2.2
257,double_top,21,22.06,22.82,132,45.9,22.3
257,double_bottom,27,24.67,24.91,144,46.63,28.7
257,head_and_shoulders,13,26.81,28.93,132,60.77,13.8
257,inv_head_and_shoulders,17,24.35,24.22,136,55.41,18.1
257,ascending_triangle,13,20.78,23.97,114,111.85,13.8
257,descending_triangle,3,17.33,27.12,73,84.67,3.2
258,double_top,27,25.28,24.01,114,61.44,33.8
258,double_bottom,27,25.08,26.91,119,59.67,33.8
258,head_and_shoulders,4,27.75,28.07,109,98.0,5.0
258,inv_head_and_shoulders,14,25.18,25.1,117,67.5,17.5
258,ascending_triangle,6,20.93,24.08,96,133.33,7.5
258,descending_triangle,2,21.75,27.27,51,140.0,2.5
259,double_top,21,24.22,24.79,119,51.71,23.9
259,double_bottom,29,27.3,26.72,121,53.59,33.0
259,head_and_shoulders,9,28.03,29.03,124,67.67,10.2
259,inv_head_and_shoulders,16,26.23,25.27,121,65.69,18.2
259,ascending_triangle,9,21.78,25.16,99,104.0,10.2
259,descending_triangle,4,24.89,28.1,53,124.0,4.5
260,double_top,28,23.32,23.64,128,47.96,28.6
260,double_bottom,29,27.72,27.2,128,48.72,29.6
260,head_and_shoulders,10,30.33,27.74,116,63.9,10.2
260,inv_head_and_shoulders,16,27.1,25.05,117,58.94,16.3
260,ascending_triangle,9,22.77,23.99,99,105.78,9.2
260,descending_triangle,6,33.29,25.46,56,92.0,6.1
261,double_top,19,25.08,24.68,104,65.16,29.2
261,double_bottom,17,27.87,28.26,108,67.88,26.2
261,head_and_shoulders,7,30.2,30.6,105,61.14,10.8
261,inv_head_and_shoulders,11,26.41,26.45,101,65.73,16.9
261,ascending_triangle,9,23.9,25.02,90,139.33,13.8
261,descending_triangle,2,34.0,29.96,48,151.0,3.1
262,double_top,16,25.7,26.06,105,57.12,22.2
262,double_bottom,26,28.73,28.95,111,57.23,36.1
262,head_and_shoulders,7,29.23,30.41,107,60.86,9.7
262,inv_head_and_shoulders,10,28.33,26.32,113,67.4,13.9
262,ascending_triangle,9,21.98,24.49,93,109.78,12.5
262,descending_triangle,4,22.6,29.04,51,110.5,5.6
263,double_top,22,26.2,24.81,118,47.73,25.3
263,double_bottom,29,27.61,27.94,118,52.55,33.3
263,head_and_shoulders,7,28.87,30.11,107,59.43,8.0
263,inv_head_and_shoulders,15,27.78,26.39,117,57.27,17.2
263,ascending_triangle,11,19.23,23.97,95,97.27,12.6
263,descending_triangle,3,29.42,29.32,51,112.67,3.4
264,double_top,16,27.25,27.05,97,74.81,27.6
264,double_bottom,20,29.46,31.0,98,74.6,34.5
264,head_and_shoulders,6,32.1,32.19,89,80.17,10.3
264,inv_head_and_shoulders,10,28.06,26.88,100,80.3,17.2
264,ascending_triangle,3,17.83,25.5,80,140.0,5.2
264,descending_triangle,3,34.27,30.87,39,155.33,5.2
265,double_top,16,25.73,27.34,100,64.81,23.2
265,double_bottom,26,30.98,29.67,96,57.27,37.7
265,head_and_shoulders,7,33.1,31.29,92,62.29,10.1
265,inv_head_and_shoulders,14,27.96,26.47,108,66.43,20.3
265,ascending_triangle,3,28.68,26.66,79,121.33,4.3
265,descending_triangle,3,34.25,30.43,39,121.33,4.3
266,double_top,21,27.24,26.95,102,52.33,30.9
266,double_bottom,22,29.48,29.91,110,53.68,32.4
266,head_and_shoulders,8,30.59,31.31,99,71.12,11.8
266,inv_head_and_shoulders,11,29.86,28.15,114,55.82,16.2
266,ascending_triangle,1,17.05,26.7,78,140.0,1.5
266,descending_triangle,5,31.65,31.24,43,96.0,7.4
267,double_top,9,29.93,27.88,89,85.11,18.0
267,double_bottom,20,31.72,31.65,87,80.4,40.0
267,head_and_shoulders,3,30.12,33.78,83,79.67,6.0
267,inv_head_and_shoulders,11,28.08,28.09,93,77.27,22.0
267,ascending_triangle,5,26.34,27.85,73,150.0,10.0
267,descending_triangle,2,27.86,32.32,32,150.0,4.0
268,double_top,13,28.74,28.3,91,55.23,25.5
268,double_bottom,18,30.1,31.39,91,60.5,35.3
268,head_and_shoulders,3,32.42,33.13,83,84.67,5.9
268,inv_head_and_shoulders,7,28.28,28.92,90,71.57,13.7
268,ascending_triangle,7,22.76,27.09,78,124.29,13.7
268,descending_triangle,3,24.68,32.51,31,120.0,5.9
269,double_top,11,28.94,28.54,91,51.09,17.5
269,double_bottom,27,31.81,31.64,95,57.81,42.9
269,head_and_shoulders,5,32.45,33.37,88,67.8,7.9
269,inv_head_and_shoulders,10,28.41,28.68,98,59.9,15.9
269,ascending_triangle,7,25.46,27.36,77,105.71,11.1
269,descending_triangle,3,27.29,31.78,36,113.33,4.8
270,double_top,12,33.44,31.37,80,79.75,25.5
270,double_bottom,22,33.39,33.6,77,84.5,46.8
270,head_and_shoulders,1,37.34,32.7,64,84.0,2.1
270,inv_head_and_shoulders,8,33.09,31.72,76,72.5,17.0
270,ascending_triangle,3,29.59,26.01,65,170.0,6.4
270,descending_triangle,1,32.05,34.27,27,226.0,2.1
271,double_top,12,30.41,30.09,80,79.58,29.3
271,double_bottom,13,34.94,33.96,74,57.85,31.7
271,head_and_shoulders,2,35.24,31.85,68,71.5,4.9
271,inv_head_and_shoulders,9,30.45,31.29,78,65.33,22.0
271,ascending_triangle,3,22.34,25.74,69,166.0,7.3
271,descending_triangle,2,26.28,30.91,28,136.0,4.9
272,double_top,12,32.4,31.1,83,69.0,21.4
272,double_bottom,20,34.84,34.64,81,60.55,35.7
272,head_and_shoulders,7,34.51,32.71,71,68.43,12.5
272,inv_head_and_shoulders,14,31.69,31.04,89,62.5,25.0
272,ascending_triangle,3,29.16,25.67,64,131.33,5.4
272,descending_triangle,0,0.0,31.37,27,0.0,0.0
273,double_top,14,33.82,32.95,67,100.79,36.8
273,double_bottom,13,34.94,36.1,53,98.46,34.2
273,head_and_shoulders,1,36.86,34.68,58,69.0,2.6
273,inv_head_and_shoulders,9,35.12,33.66,68,89.0,23.7
273,ascending_triangle,1,38.47,29.44,60,190.0,2.6
273,descending_triangle,0,0.0,34.15,21,0.0,0.0
274,double_top,5,32.65,33.39,73,79.6,14.3
274,double_bottom,16,35.75,35.05,62,71.88,45.7
274,head_and_shoulders,1,21.82,33.55,59,78.0,2.9
274,inv_head_and_shoulders,6,34.74,32.31,68,75.83,17.1
274,ascending_triangle,6,27.93,28.81,57,169.33,17.1
274,descending_triangle,1,33.64,33.54,20,152.0,2.9
275,double_top,14,32.65,33.59,67,62.86,30.4
275,double_bottom,15,36.21,36.05,58,72.67,32.6
275,head_and_shoulders,5,30.52,32.87,60,68.8,10.9
275,inv_head_and_shoulders,7,35.1,32.79,78,70.14,15.2
275,ascending_triangle,3,21.1,28.47,60,152.0,6.5
275,descending_triangle,2,36.46,34.21,21,139.0,4.3
276,double_top,11,34.32,33.21,62,102.18,28.9
276,double_bottom,15,35.45,36.3,52,101.6,39.5
276,head_and_shoulders,0,0.0,33.12,49,0.0,0.0
276,inv_head_and_shoulders,9,36.54,34.45,62,91.0,23.7
276,ascending_triangle,3,26.65,28.16,54,200.0,7.9
276,descending_triangle,0,0.0,35.02,18,0.0,0.0
277,double_top,8,36.87,34.99,59,95.88,24.2
277,double_bottom,11,35.56,36.83,49,87.27,33.3
277,head_and_shoulders,0,0.0,34.37,50,0.0,0.0
277,inv_head_and_shoulders,6,35.77,34.0,67,76.17,18.2
277,ascending_triangle,5,27.91,28.85,55,168.0,15.2
277,descending_triangle,3,29.49,36.08,19,160.0,9.1
278,double_top,10,34.54,34.02,66,58.0,22.7
278,double_bottom,15,36.24,35.74,52,79.33,34.1
278,head_and_shoulders,3,32.37,34.46,52,87.0,6.8
278,inv_head_and_shoulders,10,34.18,33.65,69,73.8,22.7
278,ascending_triangle,4,29.39,28.68,59,139.0,9.1
278,descending_triangle,2,21.24,34.6,19,146.0,4.5
279,double_top,10,37.93,35.62,48,124.1,40.0
279,double_bottom,8,36.93,36.66,33,94.75,32.0
279,head_and_shoulders,0,0.0,33.02,38,0.0,0.0
279,inv_head_and_shoulders,5,36.15,34.46,48,101.4,20.0
279,ascending_triangle,2,29.5,29.6,44,224.0,8.0
279,descending_triangle,0,0.0,34.71,15,0.0,0.0
280,double_top,13,36.75,35.87,52,78.23,48.1
280,double_bottom,7,36.85,37.32,34,88.71,25.9
280,head_and_shoulders,1,30.83,32.81,37,125.0,3.7
280,inv_head_and_shoulders,4,36.03,35.24,51,55.75,14.8
280,ascending_triangle,0,0.0,29.56,48,0.0,0.0
280,descending_triangle,2,35.55,34.43,16,180.0,7.4
281,double_top,9,37.23,36.32,49,73.33,33.3
281,double_bottom,8,36.93,36.21,35,75.0,29.6
281,head_and_shoulders,1,39.5,33.31,43,57.0,3.7
281,inv_head_and_shoulders,5,35.45,34.67,54,71.6,18.5
281,ascending_triangle,3,23.28,29.07,50,174.67,11.1
281,descending_triangle,1,31.2,34.61,17,180.0,3.7
282,double_top,5,38.6,38.16,33,127.2,27.8
282,double_bottom,7,38.52,37.9,16,133.43,38.9
282,head_and_shoulders,1,34.82,33.59,34,135.0,5.6
282,inv_head_and_shoulders,4,34.86,37.04,38,101.25,22.2
282,ascending_triangle,1,23.51,29.65,43,250.0,5.6
282,descending_triangle,0,0.0,35.85,13,0.0,0.0
283,double_top,5,37.61,38.06,35,118.8,25.0
283,double_bottom,5,37.88,37.56,16,100.8,25.0
283,head_and_shoulders,0,0.0,34.73,32,0.0,0.0
283,inv_head_and_shoulders,7,35.58,37.19,41,100.29,35.0
283,ascending_triangle,3,28.25,29.45,40,200.0,15.0
283,descending_triangle,0,0.0,35.58,13,0.0,0.0
284,double_top,4,38.05,37.43,35,87.75,22.2
284,double_bottom,4,38.63,37.88,19,83.75,22.2
284,head_and_shoulders,1,39.15,33.7,36,101.0,5.6
284,inv_head_and_shoulders,5,37.44,37.16,39,88.2,27.8
284,ascending_triangle,2,29.0,29.87,40,185.5,11.1
284,descending_triangle,2,35.83,35.85,13,166.0,11.1
285,double_top,29,21.75,21.31,174,52.97,25.0
285,double_bottom,40,24.13,23.7,177,55.15,34.5
285,head_and_shoulders,12,28.0,28.74,173,65.75,10.3
285,inv_head_and_shoulders,20,22.2,22.75,179,63.1,17.2
285,ascending_triangle,9,18.15,23.75,154,121.78,7.8
285,descending_triangle,6,21.12,28.02,109,105.33,5.2
286,double_top,30,20.79,21.43,184,50.13,27.3
286,double_bottom,30,21.53,22.8,173,49.07,27.3
286,head_and_shoulders,11,22.96,27.62,184,62.0,10.0
286,inv_head_and_shoulders,20,23.29,22.65,183,59.05,18.2
286,ascending_triangle,11,21.17,23.58,157,93.09,10.0
286,descending_triangle,8,22.41,27.81,113,91.5,7.3
287,double_top,25,21.02,21.63,192,40.24,19.7
287,double_bottom,39,23.01,23.34,191,43.38,30.7
287,head_and_shoulders,14,28.4,27.88,182,55.71,11.0
287,inv_head_and_shoulders,20,21.93,22.43,193,50.75,15.7
287,ascending_triangle,16,21.76,23.24,154,82.62,12.6
287,descending_triangle,13,25.11,27.05,114,71.85,10.2
288,double_top,22,23.53,23.13,163,60.86,22.9
288,double_bottom,41,24.55,25.27,161,60.85,42.7
288,head_and_shoulders,9,28.96,28.24,151,75.56,9.4
288,inv_head_and_shoulders,12,26.02,23.76,167,65.5,12.5
288,ascending_triangle,7,21.35,24.91,132,130.86,7.3
288,descending_triangle,5,22.44,28.32,84,109.4,5.2
289,double_top,35,22.59,22.55,166,53.26,27.8
289,double_bottom,34,25.09,24.83,160,52.12,27.0
289,head_and_shoulders,13,28.12,28.23,159,60.92,10.3
289,inv_head_and_shoulders,21,24.5,24.51,172,62.52,16.7
289,ascending_triangle,15,21.93,23.9,144,103.07,11.9
289,descending_triangle,8,29.33,28.31,97,90.75,6.3
290,double_top,25,23.13,23.13,170,49.24,20.0
290,double_bottom,34,24.0,24.91,178,46.26,27.2
290,head_and_shoulders,12,26.85,28.05,173,63.58,9.6
290,inv_head_and_shoulders,25,24.79,24.44,173,58.28,20.0
290,ascending_triangle,16,21.79,24.75,140,99.88,12.8
290,descending_triangle,13,28.24,27.22,90,76.92,10.4
291,double_top,36,24.52,25.02,157,64.61,40.4
291,double_bottom,21,26.24,27.14,142,67.71,23.6
291,head_and_shoulders,10,26.04,28.19,132,70.7,11.2
291,inv_head_and_shoulders,16,26.71,25.1,156,63.0,18.0
291,ascending_triangle,5,23.5,27.68,118,128.0,5.6
291,descending_triangle,1,20.37,29.07,69,120.0,1.1
292,double_top,23,24.69,25.41,153,52.39,27.1
292,double_bottom,29,26.1,27.07,156,50.45,34.1
292,head_and_shoulders,8,30.27,28.25,146,68.88,9.4
292,inv_head_and_shoulders,18,25.6,25.8,155,63.61,21.2
292,ascending_triangle,6,27.01,26.6,122,110.67,7.1
292,descending_triangle,1,17.6,29.61,76,96.0,1.2
293,double_top,30,23.87,24.63,152,49.43,29.7
293,double_bottom,28,26.46,26.18,152,47.04,27.7
293,head_and_shoulders,11,28.99,28.67,149,63.18,10.9
293,inv_head_and_shoulders,18,26.41,25.19,150,57.11,17.8
293,ascending_triangle,10,22.45,26.28,120,107.2,9.9
293,descending_triangle,4,17.91,27.05,78,84.0,4.0
294,double_top,34,25.75,26.09,138,76.71,37.8
294,double_bottom,27,26.9,28.13,142,72.74,30.0
294,head_and_shoulders,8,25.35,30.4,126,68.75,8.9
294,inv_head_and_shoulders,13,28.35,25.97,134,62.38,14.4
294,ascending_triangle,7,26.11,26.26,106,148.0,7.8
294,descending_triangle,1,35.64,30.87,61,130.0,1.1
295,double_top,28,26.05,26.42,136,57.36,27.7
295,double_bottom,31,29.69,28.67,145,58.65,30.7
295,head_and_shoulders,7,29.41,30.48,125,72.14,6.9
295,inv_head_and_shoulders,15,29.5,26.1,146,67.6,14.9
295,ascending_triangle,15,25.66,26.86,119,116.13,14.9
295,descending_triangle,5,28.89,28.33,67,114.4,5.0
296,double_top,24,26.38,25.63,144,51.71,23.8
296,double_bottom,35,28.26,28.07,143,52.31,34.7
296,head_and_shoulders,8,26.72,29.89,130,66.25,7.9
296,inv_head_and_shoulders,17,28.16,26.96,136,55.06,16.8
296,ascending_triangle,11,25.73,25.78,119,100.55,10.9
296,descending_triangle,6,30.29,28.91,67,102.33,5.9
297,double_top,25,27.62,26.51,124,75.24,32.5
297,double_bottom,22,30.39,30.19,117,70.82,28.6
297,head_and_shoulders,8,27.61,32.29,117,82.12,10.4
297,inv_head_and_shoulders,13,27.48,28.31,123,68.38,16.9
297,ascending_triangle,7,21.17,26.72,97,146.57,9.1
297,descending_triangle,2,35.1,29.4,58,163.0,2.6
298,double_top,21,25.84,27.69,128,61.67,24.4
298,double_bottom,29,30.78,29.62,122,62.79,33.7
298,head_and_shoulders,9,27.24,31.63,112,79.44,10.5
298,inv_head_and_shoulders,16,28.27,27.31,134,66.5,18.6
298,ascending_triangle,5,22.38,27.3,104,117.6,5.8
298,descending_triangle,6,32.6,30.63,53,116.67,7.0
299,double_top,29,26.98,27.05,131,55.24,32.2
299,double_bottom,26,29.33,29.9,133,54.12,28.9
299,head_and_shoulders,9,28.07,30.86,134,65.33,10.0
299,inv_head_and_shoulders,15,29.04,27.57,143,56.4,16.7
299,ascending_triangle,7,22.12,27.78,103,100.57,7.8
299,descending_triangle,4,26.62,29.59,57,97.0,4.4
300,double_top,27,30.18,29.6,115,82.67,35.1
300,double_bottom,27,30.03,30.35,108,75.26,35.1
300,head_and_shoulders,7,24.78,31.85,113,92.71,9.1
300,inv_head_and_shoulders,8,29.92,28.74,112,80.25,10.4
300,ascending_triangle,7,24.03,27.56,92,164.29,9.1
300,descending_triangle,1,39.72,32.11,44,150.0,1.3
301,double_top,23,30.64,29.43,122,63.7,35.4
301,double_bottom,18,31.81,31.01,114,63.83,27.7
301,head_and_shoulders,4,27.15,32.36,107,87.75,6.2
301,inv_head_and_shoulders,15,31.27,29.34,117,65.53,23.1
301,ascending_triangle,3,25.93,28.29,88,130.0,4.6
301,descending_triangle,2,28.52,30.11,44,135.0,3.1
302,double_top,16,29.01,30.15,116,59.5,23.2
302,double_bottom,31,29.82,31.21,123,58.94,44.9
302,head_and_shoulders,5,28.59,32.08,107,84.0,7.2
302,inv_head_and_shoulders,11,28.24,29.53,122,61.18,15.9
302,ascending_triangle,4,22.65,28.0,93,117.5,5.8
302,descending_triangle,2,22.42,30.32,50,110.0,2.9
303,double_top,19,34.36,32.32,99,76.21,36.5
303,double_bottom,19,33.62,34.05,94,85.0,36.5
303,head_and_shoulders,3,33.93,33.34,86,100.67,5.8
303,inv_head_and_shoulders,6,32.94,31.98,92,68.67,11.5
303,ascending_triangle,5,20.48,27.94,76,192.4,9.6
303,descending_triangle,0,0.0,32.07,38,0.0,0.0
304,double_top,20,34.06,31.86,98,66.8,31.2
304,double_bottom,21,34.56,33.81,98,78.86,32.8
304,head_and_shoulders,4,30.73,33.31,85,78.75,6.2
304,inv_head_and_shoulders,11,30.41,31.21,103,72.0,17.2
304,ascending_triangle,5,22.9,28.5,78,149.6,7.8
304,descending_triangle,3,25.84,30.92,40,136.0,4.7
305,double_top,21,31.36,31.32,109,63.95,23.6
305,double_bottom,27,34.27,33.59,103,63.89,30.3
305,head_and_shoulders,10,30.72,32.55,89,68.0,11.2
305,inv_head_and_shoulders,16,30.77,30.88,111,61.44,18.0
305,ascending_triangle,13,24.0,28.42,83,130.92,14.6
305,descending_triangle,2,26.25,31.66,37,112.0,2.2
306,double_top,16,35.2,34.06,87,96.5,32.0
306,double_bottom,21,33.64,35.73,67,91.86,42.0
306,head_and_shoulders,2,36.58,33.52,68,107.0,4.0
306,inv_head_and_shoulders,8,33.69,33.63,86,91.12,16.0
306,ascending_triangle,3,22.87,30.74,69,190.0,6.0
306,descending_triangle,0,0.0,33.62,27,0.0,0.0
307,double_top,15,34.57,34.11,86,81.8,27.8
307,double_bottom,17,34.37,34.58,78,77.65,31.5
307,head_and_shoulders,5,33.3,33.93,74,77.6,9.3
307,inv_head_and_shoulders,8,32.75,33.05,80,79.75,14.8
307,ascending_triangle,5,21.55,30.7,77,179.6,9.3
307,descending_triangle,4,24.65,32.95,26,152.0,7.4
308,double_top,17,34.38,34.41,81,68.12,32.7
308,double_bottom,16,35.22,35.81,75,77.06,30.8
308,head_and_shoulders,6,32.59,33.11,77,75.5,11.5
308,inv_head_and_shoulders,7,35.81,34.15,83,71.86,13.5
308,ascending_triangle,4,32.15,31.06,74,132.5,7.7
308,descending_triangle,2,31.61,33.09,28,126.0,3.8
309,double_top,14,34.48,34.96,78,91.5,32.6
309,double_bottom,13,35.15,36.26,61,107.92,30.2
309,head_and_shoulders,5,36.76,32.61,67,108.6,11.6
309,inv_head_and_shoulders,10,33.68,34.69,75,81.2,23.3
309,ascending_triangle,1,38.66,31.38,63,200.0,2.3
309,descending_triangle,0,0.0,33.56,27,0.0,0.0
310,double_top,15,35.76,35.1,75,77.6,29.4
310,double_bottom,18,35.55,35.41,61,95.67,35.3
310,head_and_shoulders,4,33.16,33.2,65,100.25,7.8
310,inv_head_and_shoulders,8,35.26,34.51,79,98.25,15.7
310,ascending_triangle,4,23.46,30.24,72,170.0,7.8
310,descending_triangle,2,26.77,33.17,26,160.0,3.9
311,double_top,15,35.68,35.7,79,67.33,26.8
311,double_bottom,21,35.64,34.27,64,76.38,37.5
311,head_and_shoulders,5,37.63,31.4,70,73.2,8.9
311,inv_head_and_shoulders,9,33.97,34.19,85,76.33,16.1
311,ascending_triangle,4,25.13,30.04,76,139.0,7.1
311,descending_triangle,2,28.87,33.05,29,160.0,3.6
312,double_top,11,36.99,36.61,61,116.0,35.5
312,double_bottom,14,37.5,36.81,44,96.64,45.2
312,head_and_shoulders,0,0.0,33.53,49,0.0,0.0
312,inv_head_and_shoulders,5,36.05,36.15,59,87.8,16.1
312,ascending_triangle,1,32.61,34.56,54,224.0,3.2
312,descending_triangle,0,0.0,33.69,20,0.0,0.0
313,double_top,8,37.73,36.26,61,96.25,33.3
313,double_bottom,7,37.37,37.29,41,82.0,29.2
313,head_and_shoulders,2,36.4,32.87,52,108.0,8.3
313,inv_head_and_shoulders,3,35.17,35.74,68,67.0,12.5
313,ascending_triangle,4,28.75,33.09,55,191.0,16.7
313,descending_triangle,0,0.0,33.91,20,0.0,0.0
314,double_top,10,38.17,36.73,58,84.4,28.6
314,double_bottom,13,37.26,36.41,44,72.15,37.1
314,head_and_shoulders,2,31.84,35.06,56,103.0,5.7
314,inv_head_and_shoulders,5,34.52,35.41,68,78.2,14.3
314,ascending_triangle,4,31.5,32.86,56,172.5,11.4
314,descending_triangle,1,23.85,33.99,24,150.0,2.9
315,double_top,6,39.04,38.34,38,146.0,26.1
315,double_bottom,9,38.14,38.3,22,116.89,39.1
315,head_and_shoulders,1,39.48,34.87,44,84.0,4.3
315,inv_head_and_shoulders,5,35.22,36.21,45,103.8,21.7
315,ascending_triangle,2,33.29,33.76,47,250.0,8.7
315,descending_triangle,0,0.0,34.83,15,0.0,0.0
316,double_top,10,39.11,37.68,39,112.5,35.7
316,double_bottom,8,37.05,37.89,23,98.38,28.6
316,head_and_shoulders,1,39.48,35.1,47,109.0,3.6
316,inv_head_and_shoulders,6,36.44,36.59,45,88.33,21.4
316,ascending_triangle,3,33.05,36.57,46,200.0,10.7
316,descending_triangle,0,0.0,34.7,16,0.0,0.0
317,double_top,8,38.65,37.51,38,78.62,26.7
317,double_bottom,9,38.68,38.32,23,95.22,30.0
317,head_and_shoulders,2,34.23,35.75,45,124.5,6.7
317,inv_head_and_shoulders,5,37.31,35.63,46,73.8,16.7
317,ascending_triangle,2,28.33,36.92,50,166.0,6.7
317,descending_triangle,4,37.09,34.25,16,166.0,13.3
318,double_top,34,29.04,29.26,161,78.18,35.1
318,double_bottom,40,31.36,32.48,169,74.95,41.2
318,head_and_shoulders,6,31.55,33.0,154,98.5,6.2
318,inv_head_and_shoulders,10,33.15,29.61,168,85.0,10.3
318,ascending_triangle,6,36.81,27.91,137,158.33,6.2
318,descending_triangle,1,38.46,32.33,69,150.0,1.0
319,double_top,38,28.96,28.38,183,65.82,36.2
319,double_bottom,31,32.77,32.19,173,62.9,29.5
319,head_and_shoulders,7,27.37,32.55,166,82.57,6.7
319,inv_head_and_shoulders,16,31.31,29.92,175,63.62,15.2
319,ascending_triangle,9,26.69,28.23,146,144.44,8.6
319,descending_triangle,4,33.65,31.82,68,127.5,3.8
320,double_top,34,28.23,29.24,197,57.12,28.3
320,double_bottom,38,31.43,32.04,181,56.13,31.7
320,head_and_shoulders,6,27.12,31.63,167,75.5,5.0
320,inv_head_and_shoulders,26,31.36,29.06,187,61.65,21.7
320,ascending_triangle,11,27.81,27.1,157,125.45,9.2
320,descending_triangle,5,32.07,31.39,72,118.0,4.2
321,double_top,42,32.75,31.79,147,89.38,45.2
321,double_bottom,29,34.85,34.7,140,91.52,31.2
321,head_and_shoulders,8,31.17,31.34,131,100.88,8.6
321,inv_head_and_shoulders,11,31.05,31.88,152,75.09,11.8
321,ascending_triangle,2,27.99,27.8,124,226.0,2.2
321,descending_triangle,1,35.82,34.31,54,170.0,1.1
322,double_top,40,33.04,31.66,151,71.72,34.5
322,double_bottom,38,34.42,33.73,146,69.32,32.8
322,head_and_shoulders,10,33.11,31.92,140,79.5,8.6
322,inv_head_and_shoulders,15,32.67,32.36,163,74.8,12.9
322,ascending_triangle,9,23.27,27.46,127,153.56,7.8
322,descending_triangle,4,32.23,33.36,56,144.5,3.4
323,double_top,25,31.52,31.45,169,63.8,23.6
323,double_bottom,42,33.25,34.49,153,63.55,39.6
323,head_and_shoulders,11,32.92,31.95,137,71.55,10.4
323,inv_head_and_shoulders,13,31.89,31.69,166,63.62,12.3
323,ascending_triangle,11,25.14,27.45,133,123.82,10.4
323,descending_triangle,4,36.45,33.41,57,126.5,3.8
324,double_top,29,34.11,34.14,129,96.9,39.7
324,double_bottom,26,35.94,36.28,110,100.77,35.6
324,head_and_shoulders,5,31.82,32.34,112,133.0,6.8
324,inv_head_and_shoulders,8,33.34,34.73,128,91.75,11.0
324,ascending_triangle,4,33.25,30.49,108,183.0,5.5
324,descending_triangle,1,39.54,33.35,39,190.0,1.4
325,double_top,29,34.51,34.52,132,78.93,34.1
325,double_bottom,34,36.41,36.27,110,85.53,40.0
325,head_and_shoulders,5,31.26,33.11,118,84.4,5.9
325,inv_head_and_shoulders,13,33.79,33.98,134,76.08,15.3
325,ascending_triangle,3,22.89,29.37,115,152.0,3.5
325,descending_triangle,1,17.76,34.35,39,152.0,1.2
326,double_top,32,34.28,34.05,140,68.09,36.0
326,double_bottom,27,35.74,36.54,111,70.67,30.3
326,head_and_shoulders,8,32.26,33.25,118,77.12,9.0
326,inv_head_and_shoulders,12,33.44,33.77,126,68.92,13.5
326,ascending_triangle,9,24.25,29.69,117,136.0,10.1
326,descending_triangle,1,27.11,33.22,42,126.0,1.1
327,double_top,27,35.55,35.21,118,101.22,39.1
327,double_bottom,27,36.52,36.28,93,91.44,39.1
327,head_and_shoulders,4,30.22,33.34,107,115.0,5.8
327,inv_head_and_shoulders,9,35.12,34.05,112,98.56,13.0
327,ascending_triangle,2,22.21,32.11,103,200.0,2.9
327,descending_triangle,0,0.0,33.76,37,0.0,0.0
328,double_top,28,35.4,34.68,122,80.71,38.9
328,double_bottom,25,35.95,35.38,95,83.24,34.7
328,head_and_shoulders,6,34.42,32.88,108,99.33,8.3
328,inv_head_and_shoulders,8,35.98,34.11,122,73.38,11.1
328,ascending_triangle,2,30.57,30.5,104,200.0,2.8
328,descending_triangle,3,35.02,33.03,38,160.0,4.2
329,double_top,27,35.01,34.53,129,74.11,32.9
329,double_bottom,31,35.56,36.11,99,69.61,37.8
329,head_and_shoulders,4,33.78,32.4,116,87.0,4.9
329,inv_head_and_shoulders,12,35.5,34.28,129,65.08,14.6
329,ascending_triangle,5,22.32,30.43,112,151.2,6.1
329,descending_triangle,3,32.11,34.04,40,141.33,3.7
330,double_top,19,37.19,36.52,92,109.53,35.8
330,double_bottom,17,37.2,36.84,62,113.29,32.1
330,head_and_shoulders,3,32.37,32.9,78,119.0,5.7
330,inv_head_and_shoulders,10,35.09,36.26,91,101.6,18.9
330,ascending_triangle,4,30.89,32.34,88,224.0,7.5
330,descending_triangle,0,0.0,36.03,30,0.0,0.0
331,double_top,18,36.44,36.59,93,86.61,38.3
331,double_bottom,14,37.85,36.94,58,84.64,29.8
331,head_and_shoulders,3,28.61,33.96,83,102.33,6.4
331,inv_head_and_shoulders,6,34.71,35.79,94,77.17,12.8
331,ascending_triangle,5,31.85,32.91,87,180.0,10.6
331,descending_triangle,1,31.51,35.51,31,180.0,2.1
332,double_top,15,36.65,35.86,90,82.2,30.0
332,double_bottom,17,37.0,37.32,63,84.82,34.0
332,head_and_shoulders,3,32.52,34.02,85,98.67,6.0
332,inv_head_and_shoulders,7,34.95,35.73,100,79.43,14.0
332,ascending_triangle,7,31.12,32.72,92,169.14,14.0
332,descending_triangle,1,37.25,36.82,30,150.0,2.0
333,double_top,10,38.16,37.39,58,126.6,27.0
333,double_bottom,15,38.93,38.76,32,136.07,40.5
333,head_and_shoulders,2,32.83,32.64,63,119.0,5.4
333,inv_head_and_shoulders,5,35.88,36.46,65,110.6,13.5
333,ascending_triangle,5,31.73,33.02,78,282.8,13.5
333,descending_triangle,0,0.0,35.57,25,0.0,0.0
334,double_top,17,37.63,37.52,64,102.24,37.8
334,double_bottom,12,38.22,38.63,33,123.25,26.7
334,head_and_shoulders,2,31.29,32.82,68,81.5,4.4
334,inv_head_and_shoulders,10,37.12,36.88,69,81.6,22.2
334,ascending_triangle,4,29.06,33.85,76,192.75,8.9
334,descending_triangle,0,0.0,35.81,24,0.0,0.0
335,double_top,13,37.87,37.39,66,78.23,32.5
335,double_bottom,10,37.86,38.25,36,77.6,25.0
335,head_and_shoulders,5,32.62,32.6,73,91.6,12.5
335,inv_head_and_shoulders,7,35.63,36.87,70,74.43,17.5
335,ascending_triangle,5,25.06,33.26,78,179.6,12.5
335,descending_triangle,0,0.0,36.06,23,0.0,0.0
